Date,AGG,BGRN,BNDW,DSI,EAGG,EEM,EFA,EMSG,ESGD,ESGE,ESGU,ESGV,IVV,JUST,NULC,SPY,SUSA,SUSL,VEA,VSGX,VTI,VWO
2019-01-01,87.34407806396484,41.43416213989258,60.876014709472656,45.92882537841797,42.100425720214844,36.67142868041992,50.722557067871094,22.741052627563477,50.20135498046875,28.73311996459961,53.679866790771484,42.85508346557617,242.1134490966797,35.11941909790039,,242.09593200683594,50.60914611816406,,32.049766540527344,39.68376159667969,124.05546569824219,33.62913131713867
2019-02-01,87.02706909179688,41.49049758911133,60.819637298583984,47.50390625,41.8880500793457,36.109867095947266,52.00922775268555,22.330068588256836,51.416770935058594,28.43777084350586,55.519657135009766,44.285125732421875,249.93280029296875,36.23747634887695,,249.9437713623047,52.78267288208008,,32.79734802246094,40.269290924072266,128.47036743164062,33.50035858154297
2019-03-01,88.87433624267578,42.36128616333008,61.986045837402344,48.15678024291992,42.78136444091797,36.51826477050781,52.4866828918457,22.6663761138916,51.88486099243164,28.74408531188965,56.31719970703125,44.990970611572266,253.7131805419922,36.58031463623047,,253.35179138183594,53.769378662109375,,32.853614807128906,40.269290924072266,129.58973693847656,34.20867156982422
2019-04-01,88.70442962646484,42.55911636352539,61.976314544677734,50.32572555541992,42.772865295410156,37.37762451171875,54.02421951293945,23.315601348876953,53.510887145996094,29.36600685119629,58.9817008972168,47.04670715332031,264.90789794921875,38.441890716552734,,264.86346435546875,55.79766845703125,,33.93116760253906,41.61911392211914,135.40440368652344,35.009742736816406
2019-05-01,90.40013885498047,43.060813903808594,62.95214080810547,47.139678955078125,43.51493835449219,34.637908935546875,51.30521011352539,21.53192138671875,50.80905532836914,27.450462341308594,55.15267562866211,44.10628890991211,248.2224578857422,36.026161193847656,,247.97283935546875,51.85090255737305,43.10886764526367,32.16317367553711,39.43992614746094,126.6709213256836,32.77577209472656
2019-06-01,91.39684295654297,43.95928192138672,63.859012603759766,50.13319396972656,44.105560302734375,36.509769439697266,53.19071578979492,22.545352935791016,52.81283950805664,28.69092559814453,58.690650939941406,47.00994873046875,263.8426513671875,38.35529327392578,20.444997787475586,263.9446716308594,55.60603713989258,45.74577713012695,33.67283248901367,41.20639419555664,135.1343536376953,34.3000373840332
2019-07-01,91.57149505615234,44.58369827270508,64.31822967529297,51.28418731689453,44.183780670166016,35.8107795715332,53.2800178527832,22.385454177856445,52.817909240722656,28.350757598876953,60.068321228027344,48.129844665527344,269.49810791015625,39.209983825683594,20.815446853637695,269.2384338378906,56.852142333984375,46.952144622802734,33.35386276245117,40.951171875,137.552734375,33.91115951538086
2019-08-01,94.1128158569336,45.54891586303711,65.88729858398438,50.373416900634766,45.36260223388672,34.45619201660156,52.25493621826172,21.545654296875,51.997989654541016,27.2109432220459,58.761688232421875,47.28158187866211,265.031005859375,38.50598907470703,20.642061233520508,264.73052978515625,55.509849548339844,46.25028991699219,32.72531509399414,40.209041595458984,134.68795776367188,32.8067741394043
2019-09-01,93.53970336914062,45.245765686035156,65.5019302368164,51.01740264892578,45.098899841308594,35.0391731262207,53.90830993652344,21.809232711791992,53.646202087402344,27.670269012451172,59.73024368286133,47.862464904785156,268.85870361328125,39.04612350463867,21.0109806060791,268.64105224609375,56.627655029296875,46.9147834777832,33.533443450927734,41.09294128417969,136.45921325683594,32.693084716796875
2019-10-01,93.73919677734375,45.00440216064453,65.44239807128906,52.24829864501953,45.19810485839844,36.505218505859375,55.735294342041016,22.691030502319336,55.612327575683594,28.886642456054688,61.36773681640625,49.1833381652832,276.02606201171875,39.97401428222656,21.37990379333496,275.8471984863281,57.92488479614258,47.79935073852539,34.84160614013672,42.89140701293945,139.971435546875,34.41305923461914
2019-11-01,93.7101058959961,44.878517150878906,65.30077362060547,54.19231414794922,45.214813232421875,36.470916748046875,56.36357498168945,22.912525177001953,56.194644927978516,28.98871421813965,63.68972396850586,51.15473556518555,286.0634765625,41.56623840332031,22.18496322631836,285.83245849609375,60.09342575073242,49.70100784301758,35.31001663208008,43.35261154174805,145.27325439453125,34.58573913574219
2019-12-01,93.51068115234375,43.94707489013672,64.33076477050781,55.471397399902344,44.930572509765625,38.468509674072266,57.40519332885742,23.94292449951172,57.51154708862305,30.562341690063477,65.27584838867188,52.35794448852539,292.5621032714844,42.572879791259766,22.65394401550293,292.6983337402344,61.704891204833984,50.86928176879883,36.20570755004883,44.82844924926758,148.54150390625,36.56747055053711
2020-01-01,95.77922821044922,45.81953811645508,66.52787017822266,55.97797393798828,46.09562301635742,36.87344741821289,56.41332244873047,23.249956130981445,56.43832778930664,29.434406280517578,65.99449920654297,52.774009704589844,294.4436340332031,42.85204315185547,22.88066864013672,294.0187072753906,62.14352035522461,51.608211517333984,35.47381591796875,43.82821273803711,149.25564575195312,34.98210525512695
2020-02-01,97.09083557128906,46.155677795410156,67.20865631103516,51.81531524658203,46.79569625854492,35.48116683959961,52.032676696777344,22.3311824798584,52.39556884765625,28.289981842041016,60.726314544677734,48.750205993652344,269.54840087890625,39.08648681640625,20.97946548461914,270.742431640625,57.54388427734375,47.77055740356445,32.759742736816406,41.133819580078125,137.31663513183594,33.74135971069336
2020-03-01,96.58545684814453,44.398983001708984,66.05892944335938,45.144874572753906,46.8309211730957,29.885791778564453,44.692596435546875,19.008113861083984,44.86708068847656,23.729591369628906,52.856266021728516,42.55189895629883,235.3800048828125,34.27131271362305,18.319313049316406,235.5493621826172,50.743839263916016,41.47721481323242,27.671905517578125,34.756813049316406,117.6647720336914,27.93738555908203
2020-04-01,98.23578643798828,45.4975700378418,67.24864959716797,51.28111267089844,47.45992660522461,32.08366012573242,47.29255294799805,20.62771224975586,47.39064407348633,25.498260498046875,60.16580581665039,48.37197494506836,266.8832702636719,38.87629318237305,20.710832595825195,267.021240234375,57.206512451171875,46.93704605102539,29.746585845947266,37.4484977722168,133.77915954589844,30.17531394958496
2020-05-01,98.91065979003906,45.55919647216797,67.67816925048828,54.06868362426758,47.693397521972656,33.038108825683594,49.85907745361328,21.256332397460938,49.931087493896484,26.209192276000977,63.26969909667969,51.214630126953125,279.734375,40.92925262451172,22.05937957763672,279.74359130859375,60.5869026184082,49.26524353027344,31.40565299987793,39.24183654785156,140.9983367919922,31.168094635009766
2020-06-01,99.5821304321289,46.1646614074707,68.0986557006836,55.01496887207031,48.05479049682617,35.01707077026367,50.887359619140625,22.61020278930664,51.12956619262695,27.813133239746094,64.6553726196289,52.55674743652344,283.86834716796875,41.709571838378906,22.54969024658203,283.45733642578125,62.114566802978516,50.03763198852539,32.33940887451172,40.68833923339844,143.58511352539062,33.045188903808594
2020-07-01,100.90294647216797,46.90757751464844,68.8934326171875,57.87006378173828,48.68510055541992,38.12664794921875,52.61021041870117,25.17550277709961,52.78545379638672,30.590627670288086,68.74465942382812,56.02124786376953,301.7326354980469,43.99570083618164,23.538009643554688,301.471435546875,66.13504791259766,52.20671081542969,33.3588752746582,42.75518035888672,152.52279663085938,36.035560607910156
2020-08-01,100.08744812011719,46.653690338134766,68.31414031982422,62.45684814453125,48.27077865600586,39.22755432128906,55.09446334838867,26.057968139648438,55.35060119628906,31.393579483032227,73.88152313232422,60.31474685668945,322.8563537597656,47.26465606689453,25.34531021118164,322.51324462890625,71.2628402709961,56.17049026489258,35.08506393432617,44.645572662353516,163.35934448242188,37.02422332763672
2020-09-01,99.99848937988281,47.068355560302734,68.59331512451172,59.82447814941406,48.205299377441406,38.83122634887695,53.966796875,25.916553497314453,54.09785461425781,31.079383850097656,70.66401672363281,57.817230224609375,309.3169860839844,45.42906188964844,24.54865074157715,309.199462890625,68.50567626953125,53.99830627441406,34.27225875854492,43.93881607055664,156.9366455078125,36.228271484375
2020-10-01,99.43385314941406,47.352294921875,68.47772216796875,58.655818939208984,47.93683624267578,39.377281188964844,52.05061721801758,26.59638786315918,52.112220764160156,31.629230499267578,69.27324676513672,56.80926513671875,302.918701171875,44.3909797668457,23.825111389160156,302.69683837890625,67.56598663330078,52.68869400024414,33.23215866088867,43.41889953613281,154.50852966308594,37.063697814941406
2020-11-01,100.6410903930664,47.513397216796875,69.0649185180664,65.06521606445312,48.492488861083984,42.91779708862305,59.477943420410156,28.332883834838867,59.73944091796875,34.448272705078125,77.3984146118164,63.19023895263672,335.927001953125,49.05287170410156,26.796998977661133,335.6231994628906,74.7320785522461,58.48676300048828,37.98323059082031,48.306941986083984,172.74533081054688,40.23624038696289
2020-12-01,100.61044311523438,47.80276107788086,69.16732788085938,67.13442993164062,48.41078567504883,45.50712966918945,61.86044692993164,29.33678436279297,62.24492263793945,36.63893127441406,80.06957244873047,65.8458251953125,347.0870056152344,50.75784683227539,26.85780906677246,346.5801696777344,76.98053741455078,60.534400939941406,39.76908874511719,50.73813247680664,180.09188842773438,42.393577575683594
2021-01-01,100.1414566040039,47.513824462890625,68.8088607788086,66.64704895019531,48.230857849121094,47.43693161010742,61.97303009033203,31.482776641845703,62.17390823364258,38.18495559692383,79.91891479492188,65.7142105102539,345.01983642578125,50.34861755371094,28.006309509277344,344.5107421875,76.95104217529297,60.3624267578125,39.8327522277832,51.251243591308594,180.2196044921875,43.986446380615234
2021-02-01,98.45977783203125,46.646995544433594,67.53526306152344,69.00039672851562,47.440460205078125,47.81066131591797,63.35990524291992,31.252103805541992,63.61781311035156,38.37856674194336,81.9362564086914,67.24898529052734,354.5386657714844,52.06806945800781,28.94733428955078,354.0899963378906,78.7613296508789,62.10477066040039,40.80158996582031,52.22410202026367,185.87733459472656,44.675865173339844
2021-03-01,97.3300552368164,46.45576858520508,67.24921417236328,71.88090515136719,47.059513092041016,47.463626861572266,64.95223999023438,31.137269973754883,65.2336196899414,38.11455154418945,84.86888885498047,69.44293975830078,369.4438171386719,54.02326965332031,29.93004035949707,368.95703125,82.37248992919922,64.83711242675781,41.73643112182617,52.835357666015625,192.01809692382812,44.30136489868164
2021-04-01,98.05592346191406,46.341041564941406,67.41026306152344,75.74922180175781,47.222633361816406,48.03311538696289,66.86990356445312,31.597158432006836,67.11585235595703,38.69538497924805,89.47553253173828,73.43220520019531,390.31298828125,56.93058776855469,31.203710556030273,389.7510681152344,86.70646667480469,68.29794311523438,43.21189498901367,54.36521911621094,202.36126708984375,45.15105056762695
2021-05-01,98.25578308105469,46.27732467651367,67.5042953491211,76.3629150390625,47.33821487426758,48.825069427490234,69.19850158691406,31.81122398376465,69.70284271240234,39.38181686401367,90.10320281982422,73.3755874633789,392.8940734863281,57.42042541503906,31.372838973999023,392.31024169921875,87.53431701660156,68.88947296142578,44.75731658935547,55.8751335144043,203.2840576171875,45.91806411743164
2021-06-01,99.07453155517578,46.51952362060547,67.94236755371094,78.20401763916016,47.71694564819336,49.074222564697266,67.52910614013672,32.38860321044922,67.92375183105469,39.73382568359375,92.24851989746094,75.47040557861328,400.6001281738281,58.64973068237305,32.134315490722656,399.80072021484375,89.876708984375,70.50724792480469,43.98887252807617,55.348819732666016,207.69290161132812,46.28451919555664
2021-07-01,100.19132232666016,47.3829460144043,68.8071060180664,80.48899841308594,48.2585334777832,46.116363525390625,68.98190307617188,30.162742614746094,69.27759552001953,37.35127639770508,94.54279327392578,77.40296173095703,411.5566711425781,60.010684967041016,32.87815475463867,410.90081787109375,92.62659454345703,72.79319763183594,44.568729400634766,54.99885559082031,211.94786071777344,43.78586196899414
2021-08-01,99.98245239257812,47.19938659667969,68.56086730957031,82.88275146484375,48.175106048583984,46.84028625488281,69.97986602783203,30.754819869995117,70.479248046875,38.17384719848633,97.41683959960938,79.88092041015625,423.99493408203125,61.80531311035156,34.021976470947266,423.1291198730469,95.6619873046875,75.00591278076172,45.15402603149414,56.00736618041992,218.00637817382812,44.745365142822266
2021-09-01,99.06491088867188,46.630008697509766,67.87957000732422,78.72915649414062,47.6700325012207,45.02602005004883,67.69754791259766,29.34258270263672,68.2500991821289,36.652549743652344,92.47650146484375,75.719482421875,402.60406494140625,58.75246047973633,32.41485595703125,402.1207580566406,90.44902801513672,71.08894348144531,43.4583854675293,53.677345275878906,207.6189727783203,42.8434944152832
2021-10-01,99.04348754882812,46.460025787353516,67.70938110351562,86.2874984741211,47.71196746826172,45.50863265991211,69.8497085571289,29.930173873901367,70.48795318603516,37.032875061035156,99.30486297607422,81.31145477294922,432.4375,62.59024429321289,34.77623748779297,431.7135925292969,97.71174621582031,77.96147155761719,45.03369140625,55.325782775878906,222.20242309570312,43.803043365478516
2021-11-01,99.31147003173828,46.859439849853516,68.16575622558594,85.0064468383789,47.81851577758789,43.649681091308594,66.68220520019531,28.378284454345703,67.07456970214844,35.46735763549805,98.07060241699219,80.42938232421875,429.2855529785156,61.91279220581055,33.9538459777832,428.244873046875,96.28384399414062,76.71440124511719,42.942718505859375,53.100181579589844,218.9571990966797,42.53201675415039
2021-12-01,98.86968231201172,46.111602783203125,66.92005920410156,88.17591857910156,47.86366653442383,43.65861129760742,68.27898406982422,28.524614334106445,69.19051361083984,35.15778732299805,101.66029357910156,83.36012268066406,447.4464416503906,64.43863677978516,33.08816146850586,446.481689453125,100.4729995727539,79.70928192138672,44.1178092956543,54.130069732666016,226.451171875,42.76546859741211
2022-01-01,97.13004302978516,45.61674880981445,66.69342041015625,82.74272155761719,46.71988296508789,44.29844284057617,67.07987213134766,28.776697158813477,67.5123291015625,36.021453857421875,95.8222427368164,77.6214599609375,425.1357116699219,61.15520477294922,32.60410690307617,424.4194641113281,93.61727142333984,74.91822052001953,43.07299041748047,52.773258209228516,213.4914093017578,43.37046813964844
2022-02-01,95.87897491455078,44.633644104003906,65.82825469970703,79.94464111328125,46.15529251098633,42.384647369384766,64.77957916259766,27.202058792114258,65.08351135253906,34.23390579223633,92.7513198852539,74.99571228027344,412.8550109863281,59.59544372558594,31.614532470703125,411.8918762207031,89.5494384765625,72.39790344238281,41.93233871459961,50.93797302246094,208.1825714111328,41.7551155090332
2022-03-01,93.180908203125,43.32341766357422,64.21256256103516,82.43817901611328,44.89336395263672,40.951576232910156,65.11577606201172,26.334482192993164,65.11884307861328,33.15959548950195,95.76554870605469,77.13629150390625,426.9425354003906,61.392765045166016,32.845115661621094,426.0514831542969,91.82514190673828,75.03192138671875,42.142913818359375,50.47032928466797,214.30088806152344,40.27944564819336
2022-04-01,89.63142395019531,41.50791549682617,61.93349838256836,75.01399230957031,43.10444259643555,38.43915557861328,60.72753143310547,24.56932258605957,61.00309753417969,30.992895126342773,87.2213363647461,69.59646606445312,390.470947265625,56.085330963134766,30.007532119750977,389.86480712890625,84.24125671386719,68.82734680175781,39.35021209716797,47.15623474121094,195.33901977539062,38.04023361206055
2022-05-01,90.28912353515625,41.8733024597168,61.983577728271484,74.52739715576172,43.45335006713867,38.67497253417969,61.939613342285156,24.679079055786133,61.93046569824219,31.056087493896484,87.1360092163086,68.90992736816406,391.7077331542969,56.03786087036133,29.627714157104492,390.7447509765625,84.1651840209961,68.34257507324219,40.000633239746094,47.55428695678711,194.8480224609375,38.21536636352539
2022-06-01,88.88352966308594,41.12004089355469,60.99250411987305,68.60221862792969,42.705078125,36.37116241455078,55.28648376464844,23.011171340942383,55.43006134033203,29.169248580932617,79.53340911865234,63.3128662109375,357.9820556640625,51.2296028137207,27.023469924926758,356.98175048828125,76.74637603759766,63.10519790649414,35.86082458496094,43.3791389465332,178.09764099121094,36.47272872924805
2022-07-01,91.13655853271484,42.215694427490234,62.70598602294922,74.72199249267578,43.82685470581055,36.55217742919922,59.430477142333984,22.869483947753906,59.68038558959961,29.122291564941406,87.37989807128906,69.61305236816406,392.3698425292969,56.26793670654297,29.391813278198242,391.5393371582031,84.35698699951172,68.42831420898438,38.25603103637695,45.58717727661133,195.5225830078125,36.45286178588867
2022-08-01,88.35575103759766,41.01980972290039,60.643043518066406,71.04946899414062,42.483211517333984,36.0673828125,55.79519271850586,22.641633987426758,55.93063735961914,28.56714630126953,83.86187744140625,66.5997085571289,376.17425537109375,54.163822174072266,28.248090744018555,375.5638732910156,80.72412109375,65.08174133300781,36.02977752685547,43.42829895019531,188.23251342773438,36.285247802734375
2022-09-01,84.68456268310547,39.51240921020508,58.47189712524414,64.04878234863281,40.71017837524414,31.905405044555664,50.64973449707031,19.825162887573242,50.594478607177734,25.18168067932129,75.50423431396484,60.1807975769043,339.68194580078125,48.743431091308594,25.7332706451416,339.4500427246094,72.38090515136719,58.88439178466797,32.378719329833984,38.91347122192383,170.13546752929688,32.191802978515625
2022-10-01,83.588134765625,38.948341369628906,58.1876335144043,68.9026870727539,40.128780364990234,31.274250030517578,53.6339225769043,19.16965675354004,53.541988372802734,24.835853576660156,81.926513671875,64.45337677001953,369.1753845214844,53.323490142822266,27.94747543334961,368.5467834472656,79.14030456542969,63.53475570678711,34.45123291015625,40.417301177978516,184.7190704345703,31.696983337402344
2022-11-01,86.7640380859375,40.37287902832031,60.07898712158203,73.75362396240234,41.73628616333008,36.14970397949219,60.69649887084961,22.669492721557617,60.66290283203125,28.721860885620117,86.49337768554688,67.89922332763672,389.671875,56.22724533081055,29.739273071289062,389.03485107421875,84.17998504638672,67.79786682128906,38.774391174316406,45.626651763916016,194.26776123046875,36.2302360534668
2022-12-01,85.81179809570312,40.16252899169922,58.83353042602539,68.96031951904297,41.22892379760742,34.66786575317383,59.358131408691406,21.879758834838867,59.25672912597656,27.36585235595703,80.9710922241211,63.21519470214844,365.7672119140625,52.8529167175293,27.439058303833008,364.93963623046875,78.87201690673828,63.525177001953125,37.488155364990234,44.18061065673828,182.01535034179688,34.853267669677734
2023-01-01,89.07584381103516,41.57426071166992,60.8036994934082,74.16159057617188,42.802005767822266,38.409423828125,64.96195220947266,24.352191925048828,64.97186279296875,30.56656265258789,86.55826568603516,68.53614807128906,390.3905944824219,56.30074691772461,29.74418067932129,389.67095947265625,84.3072738647461,67.85086059570312,41.353145599365234,48.398990631103516,195.55825805664062,38.3759651184082
2023-02-01,86.48943328857422,40.547813415527344,59.39251708984375,72.52213287353516,41.55276107788086,35.50271987915039,62.96452331542969,22.448881149291992,63.04308319091797,28.186798095703125,84.28496551513672,67.051025390625,380.50439453125,54.69187545776367,29.02655029296875,379.87359619140625,82.27704620361328,66.18705749511719,39.91626739501953,46.343509674072266,190.8614044189453,35.822410583496094
2023-03-01,88.77735137939453,41.49757766723633,60.95213317871094,75.21277618408203,42.679447174072266,36.64496994018555,64.93470764160156,23.272953033447266,65.05335998535156,29.14981460571289,86.75971221923828,69.15331268310547,393.03912353515625,56.35549545288086,29.802532196044922,392.46063232421875,84.45160675048828,68.5337142944336,40.81996536254883,47.41200256347656,195.24261474609375,36.71299362182617
2023-04-01,89.27715301513672,41.851654052734375,61.20166778564453,75.8262939453125,42.90623092651367,36.3385124206543,66.84136199951172,22.713788986206055,66.81915283203125,28.807205200195312,88.27224731445312,70.07166290283203,401.0012512207031,57.366973876953125,29.756372451782227,400.2518615722656,85.30252075195312,69.63362121582031,42.05290222167969,48.31781005859375,198.1411895751953,36.594024658203125
2023-05-01,88.25890350341797,41.38617706298828,60.907474517822266,76.70697784423828,42.41838836669922,35.46556854248047,64.16297912597656,22.18463134765625,64.26554870605469,28.297914505004883,88.66765594482422,71.29981231689453,402.70068359375,57.64949417114258,29.64141082763672,402.099609375,85.03203582763672,70.27561950683594,40.48362731933594,46.89323425292969,198.9863739013672,35.51185607910156
2023-06-01,87.92279052734375,41.35786819458008,60.803565979003906,81.45882415771484,42.201290130615234,36.73783493041992,65.82447814941406,22.875635147094727,66.0403823852539,29.288711547851562,93.99118041992188,75.76753234863281,427.9324035644531,60.9105224609375,31.586153030395508,426.57098388671875,90.45099639892578,74.74054718017578,41.889625549316406,48.19077682495117,211.5683135986328,36.994163513183594
2023-07-01,87.9105224609375,41.48041915893555,60.69626235961914,84.63490295410156,42.1905517578125,39.26253890991211,68.84325408935547,24.383068084716797,68.9836654663086,31.35481071472168,97.57842254638672,78.63604736328125,443.20550537109375,63.09230041503906,32.449222564697266,442.1704406738281,94.05130004882812,77.50850677490234,43.60409164428711,50.63070297241211,220.15602111816406,39.380767822265625
2023-08-01,87.34591674804688,41.19171142578125,60.591365814208984,83.51935577392578,41.93475341796875,36.66063690185547,66.13426208496094,22.865707397460938,66.28004455566406,29.135164260864258,95.98212432861328,77.06526947021484,435.9918212890625,62.198028564453125,32.29594802856445,434.98431396484375,92.49201202392578,77.20832824707031,41.88299560546875,48.353515625,215.90426635742188,37.05833435058594
2023-09-01,85.0863265991211,40.46332931518555,59.327239990234375,78.96993255615234,40.86122512817383,35.51879119873047,63.72114944458008,21.83368682861328,63.788658142089844,28.239849090576172,90.85456085205078,72.93470001220703,413.58978271484375,58.91517639160156,30.676923751831055,412.8946228027344,87.13619232177734,73.02496337890625,40.024574279785156,46.315067291259766,204.78799438476562,35.85139846801758
2023-10-01,83.74598693847656,39.95623779296875,58.81328201293945,77.05441284179688,40.228187561035156,34.348873138427734,61.872005462646484,21.178997039794922,61.75864791870117,27.39116096496582,89.05059814453125,71.26982116699219,406.3010559082031,58.116641998291016,30.152637481689453,405.3561096191406,84.42236328125,71.45330047607422,38.93366241455078,44.95660400390625,200.10032653808594,34.97315216064453
2023-11-01,87.56883239746094,41.53205871582031,61.11768341064453,84.82510375976562,42.01858901977539,37.0256462097168,66.95713806152344,22.665945053100586,67.05514526367188,29.414955139160156,97.62921905517578,78.63418579101562,443.5312805175781,63.45390701293945,33.01618576049805,442.3828430175781,93.24492645263672,78.87935638427734,42.36247634887695,48.88593292236328,218.94044494628906,37.452789306640625
2023-12-01,90.56063079833984,42.74503707885742,62.31774139404297,88.66175842285156,43.446441650390625,37.63400650024414,69.6661148071289,22.870967864990234,69.70339965820312,29.899919509887695,101.93309783935547,82.749267578125,462.1174011230469,66.0060043334961,33.929771423339844,460.7120666503906,97.76807403564453,82.04930114746094,44.1506233215332,50.988948822021484,229.54592895507812,37.88603210449219
2024-01-01,90.94247436523438,42.9241828918457,63.08254623413086,90.60955047607422,43.60979461669922,36.610111236572266,70.2217025756836,22.325395584106445,70.29252624511719,28.950180053710938,103.60600280761719,84.19249725341797,471.33612060546875,67.63031005859375,34.88439178466797,469.947265625,98.86431884765625,83.94429779052734,44.24434280395508,50.72815704345703,233.10617065429688,37.326358795166016
2024-02-01,89.33653259277344,42.496028900146484,62.368194580078125,95.28025817871094,42.87717056274414,38.13593673706055,72.31871032714844,23.118316650390625,72.17945098876953,30.015363693237305,108.91788482666016,88.73368835449219,495.8646545410156,70.87616729736328,36.615150451660156,494.4722595214844,103.46244049072266,88.743896484375,45.45830535888672,52.209476470947266,245.45779418945312,38.625816345214844
2024-03-01,90.14448547363281,42.84833908081055,62.981563568115234,98.50477600097656,43.23405838012695,39.17539978027344,74.7621078491211,23.801837921142578,74.64552307128906,30.652572631835938,112.04651641845703,91.0091552734375,510.70806884765625,73.17428588867188,38.0943717956543,509.0608825683594,106.57665252685547,91.55342102050781,46.84969711303711,53.54173278808594,252.5713653564453,39.33203125
2024-04-01,87.90846252441406,42.095481872558594,61.77366256713867,94.20226287841797,42.142696380615234,39.08957290649414,72.33743286132812,23.878053665161133,72.25418090820312,30.576488494873047,107.84616088867188,86.7669448852539,491.58636474609375,70.65455627441406,36.29829788208008,490.0535888671875,102.21947479248047,87.78397369384766,45.51527786254883,52.066375732421875,242.4488067626953,39.745811462402344
2024-05-01,89.36388397216797,42.727195739746094,62.38557434082031,98.54163360595703,42.860801696777344,39.85248565673828,75.99784088134766,24.524394989013672,76.01868438720703,31.13761329650879,112.97052001953125,91.13318634033203,516.4561157226562,73.95989990234375,37.69190979003906,514.8402709960938,106.97842407226562,92.05429077148438,47.63794708251953,53.99614715576172,253.985595703125,40.60350036621094
2024-06-01,90.15237426757812,42.94479751586914,62.872127532958984,101.72514343261719,43.23468780517578,40.61539077758789,73.32977294921875,25.17912483215332,73.58997344970703,31.888944625854492,116.68665313720703,94.5889892578125,533.2860107421875,76.40470886230469,38.685707092285156,531.2899169921875,110.0335693359375,95.31696319580078,46.41694259643555,53.6495361328125,260.8804016113281,41.244407653808594
2024-07-01,92.33590698242188,43.82090759277344,64.25596618652344,102.72534942626953,44.258140563964844,41.24150848388672,76.54313659667969,25.545103073120117,76.71797180175781,32.46548080444336,118.68354034423828,95.92467498779297,540.8392944335938,77.3822021484375,39.102291107177734,539.4581298828125,112.64456176757812,95.8266372680664,48.262451171875,55.75547790527344,266.75775146484375,41.90486145019531
2024-08-01,93.6884994506836,44.47539520263672,64.92811584472656,104.30572509765625,44.911293029785156,41.64480209350586,79.0386962890625,25.985546112060547,79.27649688720703,32.86793899536133,121.38936614990234,97.95747375488281,553.9664306640625,79.11921691894531,40.01312255859375,552.0629272460938,116.11900329589844,97.65040588378906,49.665489196777344,57.287960052490234,272.44384765625,42.311702728271484
2024-09-01,94.93292236328125,45.058815002441406,65.78279113769531,106.7892074584961,45.52278137207031,44.03575134277344,79.65782165527344,27.869325637817383,80.0564193725586,34.88985061645508,123.7030258178711,99.8233413696289,563.809326171875,80.3481674194336,40.859527587890625,561.9351806640625,118.140869140625,99.54280853271484,50.06364440917969,58.18662643432617,277.1218566894531,45.27314376831055
2024-10-01,92.5492935180664,44.19416046142578,64.6730728149414,106.11775207519531,44.361663818359375,42.68183898925781,75.45729064941406,26.94036102294922,75.7763442993164,33.77827835083008,122.59091186523438,99.24699401855469,560.5291748046875,79.94940185546875,40.501197814941406,558.6290283203125,116.24371337890625,98.92263793945312,47.625030517578125,56.138397216796875,275.88580322265625,44.19236755371094
2024-11-01,93.56642150878906,44.67402267456055,65.54351043701172,112.56792449951172,44.83843231201172,41.5391731262207,75.21915435791016,26.130369186401367,75.45296478271484,33.097923278808594,130.5695037841797,105.86477661132812,593.7249145507812,84.29851531982422,43.05894470214844,591.9419555664062,123.7305908203125,104.93256378173828,47.81515121459961,55.986083984375,294.3711242675781,43.24342346191406
2024-12-01,91.68582153320312,43.905723571777344,64.01239013671875,108.56979370117188,43.92304611206055,40.156455993652344,72.01874542236328,,72.41886901855469,31.995935440063477,126.73271179199219,103.29447174072266,577.6421508789062,81.76399993896484,40.089027404785156,575.7620239257812,119.7802734375,101.35218811035156,45.457664489746094,53.97740173339844,284.505126953125,41.791534423828125
2025-01-01,92.74872589111328,44.480690002441406,65.16499328613281,110.60501098632812,44.48671340942383,41.71318054199219,76.5047607421875,,76.60924530029297,33.416358947753906,130.51547241210938,106.57168579101562,595.406005859375,84.67052459716797,42.37718200683594,593.2146606445312,123.01654815673828,103.1570816040039,48.184226989746094,56.091461181640625,294.0777893066406,43.150367736816406
2025-02-01,94.51038360595703,45.0307731628418,66.04081726074219,107.74111938476562,45.29591369628906,42.191627502441406,78.76399230957031,,78.47824096679688,33.776615142822266,128.17672729492188,103.9449234008789,587.9027099609375,83.61709594726562,41.83820343017578,585.6838989257812,120.72437286376953,100.72985076904297,49.274497985839844,57.04216766357422,288.523193359375,43.47107696533203
2025-03-01,94.50856018066406,45.07746887207031,65.68618774414062,101.13445281982422,45.35113525390625,42.67008590698242,78.9088134765625,,78.6998291015625,34.0297737121582,120.30199432373047,96.72623443603516,553.300537109375,78.43578338623047,39.703128814697266,551.3914184570312,113.49217987060547,94.53351593017578,49.04294204711914,56.63883972167969,270.6775817871094,43.98616027832031
2025-04-01,94.89478302001953,45.14011764526367,66.34709167480469,100.7767333984375,45.46102523803711,42.728668212890625,81.8245620727539,,81.58037567138672,34.2342414855957,119.80050659179688,96.55108642578125,551.1285400390625,77.67610931396484,39.9658203125,548.2550659179688,113.732177734375,94.64411926269531,51.2470817565918,58.683753967285156,269.6328430175781,44.02118682861328
2025-05-01,94.32300567626953,45.21741485595703,66.0701675415039,109.71772766113281,45.18023681640625,44.44718933105469,85.74441528320312,,85.35688781738281,35.655799865722656,127.61701202392578,103.12579345703125,584.8999633789062,82.5922622680664,42.52482986450195,582.7100830078125,120.82372283935547,102.48991394042969,53.87389373779297,61.447845458984375,286.4934997558594,45.72366714477539
2025-06-01,95.69086456298828,45.8607063293457,66.70977020263672,115.0149917602539,45.84909439086914,47.103084564208984,86.30439758300781,,85.95419311523438,38.13865661621094,133.87022399902344,108.56180572509766,613.2979125976562,86.9732666015625,44.396305084228516,610.8474731445312,125.53821563720703,107.19935607910156,55.25999069213867,63.3034553527832,300.37939453125,48.116859436035156
2025-07-01,95.44563293457031,45.89618682861328,66.62226867675781,118.91765594482422,45.721168518066406,47.874881744384766,85.96231842041016,,85.6534652709961,38.800682067871094,137.11868286132812,111.1105728149414,629.0846557617188,89.05850219726562,45.370994567871094,626.763671875,127.65058898925781,110.39974212646484,54.92765426635742,63.24022674560547,308.1857604980469,48.587890625
2025-08-01,96.56912994384766,46.35012435913086,67.0317153930664,120.48576354980469,46.26973342895508,49.15653991699219,89.85184478759766,,89.10787200927734,39.783973693847656,139.87612915039062,113.71116638183594,642.3817138671875,90.83332061767578,46.311256408691406,639.6245727539062,130.6979217529297,111.95598602294922,57.360416412353516,65.84635162353516,315.4321594238281,50.27578353881836
2025-09-01,97.66297149658203,46.79256057739258,67.57266998291016,125.0014877319336,46.786380767822266,52.6465950012207,91.70820617675781,,91.24724578857422,42.694515228271484,144.41897583007812,117.56241607666016,663.1696166992188,93.05457305908203,47.17634201049805,660.5768432617188,134.64852905273438,116.0920639038086,58.542598724365234,67.71066284179688,325.3154296875,52.86128616333008
2025-10-01,98.26856994628906,47.0335693359375,68.13204193115234,129.07728576660156,47.08761215209961,54.5197868347168,92.80827331542969,,92.36599731445312,43.943294525146484,148.7825164794922,120.76966094970703,680.999267578125,95.90685272216797,47.95536422729492,678.1983642578125,138.84646606445312,120.38790893554688,59.863582611083984,69.160888671875,333.4266662597656,53.91020202636719
2025-11-01,98.86275482177734,47.275665283203125,68.26370239257812,127.38623809814453,47.369510650634766,53.55361557006836,93.49581909179688,,92.76835632324219,43.333656311035156,148.60353088378906,120.52091217041016,682.6390991210938,96.14356231689453,47.53867721557617,679.5208129882812,139.0056915283203,119.76533508300781,60.442779541015625,69.49485778808594,334.3113708496094,53.253116607666016
2025-12-01,98.2605972290039,47.10007095336914,67.22883605957031,128.15219116210938,47.07283020019531,53.9381103515625,94.32086181640625,,93.31791687011719,43.431983947753906,148.14610290527344,120.35176849365234,680.7109985351562,96.17240905761719,43.34461975097656,678.05908203125,138.6673583984375,120.60272216796875,61.3263053894043,70.34942626953125,333.2775573730469,52.72352600097656
