date,nav_ESGU,shares_ESGU,aum_ESGU,nav_return_ESGU,net_flow_ESGU,ogr_ESGU,is_outflow,nav_IVV,shares_IVV,aum_IVV,nav_return_IVV,net_flow_IVV,ogr_IVV
2019-01-31,59.198956,2550000.0,150957337.8,,,,False,271.530163,568050000.0,154242709092.15,,,
2019-02-28,61.163916,2650000.0,162084377.4,0.0331924772457135,6116391.599999994,0.04051735204885147,False,280.244437,569900000.0,159711304646.3,0.03209320800208837,518452208.4500122,0.0033612753011247405
2019-03-31,62.196164,2900000.0,180368875.60000002,0.016876748048637147,15549041.0,0.09593176868383368,False,284.569838,595650000.0,169504024004.7,0.015434386660099886,7327673328.5000305,0.04588074303649357
2019-04-30,64.769119,3150000.0,204022724.85000002,0.0413683872851065,16192279.75,0.08977313683492297,False,296.081275,604700000.0,179040346992.5,0.04045206294842818,2679535538.7499695,0.0158080939640446
2019-05-31,60.557846,3600000.0,218008245.6,-0.06501976659586806,27251030.699999988,0.1335686047720188,False,277.257449,611750000.0,169612244425.75,-0.06357655005369722,1954665015.4499817,0.010917455469028232
2019-06-30,64.590824,3850000.0,248674672.4,0.0665971177376421,16147706.00000003,0.0740692442873364,False,294.975852,597950000.0,176380810703.4,0.06390595839320423,-4070666757.5999756,-0.023999840172989183
2019-07-31,65.58924,4100000.0,268915884.0,0.015457551679477044,16397309.99999997,0.06593880205710877,False,299.212571,608550000.0,182085810082.05002,0.014362935037814717,3171653252.600006,0.017981849839285653
2019-08-31,64.327341,4600000.0,295905768.6,-0.019239420978196975,32163670.5,0.11960494866119549,False,294.463153,617750000.0,181904612765.75,-0.01587305634962788,2709061007.600006,0.01487793588297337
2019-09-30,65.41447,17600000.0,1151294672.0,0.016899952385720285,850388110.0,2.873847691524862,False,298.476144,624800000.0,186487894771.19998,0.013628160125012334,2104256815.1999817,0.01156791344213885
2019-10-31,67.000488,18800000.0,1259609174.4,0.02424567530700794,80400585.5999999,0.06983493240729591,False,304.927275,626100000.0,190914966877.5,0.021613556492474872,396405457.4999695,0.0021256364011525528
2019-11-30,69.557048,19300000.0,1342451026.3999999,0.03815733401822374,34778524.0,0.027610567394101695,False,315.98265,623900000.0,197141575335.0,0.03625577606988406,-695161829.9999695,-0.003641211798999593
2019-12-31,71.385718,20500000.0,1463407219.0,0.026290218641826346,85662861.5999999,0.06381079079638291,False,323.44418,622700000.0,201408690886.0,0.02361373322237803,-388133016.0000305,-0.001968803461880029
2020-01-31,71.78379,46900000.0,3366659751.0,0.005576353522142918,1895092056.0,1.2949861333163206,False,323.314143,629000000.0,203364595947.0,-0.00040203845992847764,2036879100.9000244,0.010113163895459333
2020-02-29,65.930148,52100000.0,3434960710.8,-0.0815454575468918,342836769.5999999,0.10183291302251943,False,296.689407,649400000.0,192670100905.80002,-0.0823494318960244,6052463902.800018,0.029761640046615516
2020-03-31,57.625302,60750000.0,3500737096.5,-0.12596431605158853,498458862.3000002,0.1451134100989206,False,258.444701,628000000.0,162303272228.0,-0.12890485840635357,-5530716601.400024,-0.02870562985849109
2020-04-30,65.175784,102400000.0,6674000281.599999,0.131027200516884,2714571403.6,0.7754285251280365,False,291.579068,628000000.0,183111654704.0,0.12820679577407934,0.0,0.0
2020-05-31,68.588599,106100000.0,7277250353.900001,0.052363236627886334,253777816.3000002,0.038024843510968576,False,305.460186,623750000.0,190530791017.5,0.047606702686902036,-1298205790.5,-0.007089695042069003
2020-06-30,70.000125,100300000.0,7021012537.5,0.020579600991704083,-406000725.0,-0.05579040231622888,True,310.250517,627750000.0,194759762046.75,0.015682341658758592,1241002068.0000305,0.006513393774164545
2020-07-31,74.101647,108450000.0,8036323617.15,0.05859306679809495,603928423.0500002,0.08601728309476049,False,327.738784,628950000.0,206131308196.80002,0.05636821227279376,393286540.8000183,0.002019341863365052
2020-08-31,79.745163,112200000.0,8947407288.6,0.07615911694918198,299044361.25,0.03721158772300076,False,351.289109,627500000.0,220433915897.5,0.07185699755327102,-509369208.0500183,-0.0024710909395854975
2020-09-30,76.287054,115550000.0,8814969089.699999,-0.043364498483751346,255561630.89999866,0.028562646435645423,False,336.368029,638450000.0,214754168115.05,-0.04247521377043317,3683229917.549988,0.016708998261695175
2020-10-31,74.372724,140650000.0,10460523630.6,-0.025093772791383362,1866755372.4000015,0.21177106276881263,False,327.413991,639750000.0,209463100742.25,-0.026619765340421098,425638188.2999878,0.0019819787063316096
2020-11-30,83.117475,152900000.0,12708661927.5,0.11758008218174165,1018189068.7500019,0.09733633847654719,False,363.248079,646100000.0,234694583841.90002,0.1094458055703551,2306625301.6500244,0.011012084197533144
2020-12-31,86.079108,155600000.0,13393909204.800001,0.03563189329319738,232413591.60000038,0.01828780975730306,False,375.544598,636000000.0,238846364328.0,0.03385157337611133,-3793000439.8000183,-0.01616143149837297
2021-01-31,85.575849,152300000.0,13033201802.7,-0.005846470899768197,-282400301.69999886,-0.021084232943642364,True,371.7461,629900000.0,234162868390.0,-0.010114638901023376,-2267651210.0,-0.009494183494817229
2021-02-28,87.748811,165900000.0,14557527744.9,0.02539223420383485,1193383829.5999985,0.09156490075621887,False,381.980251,651250000.0,248764638463.75,0.02752994853207613,8155278358.849976,0.03482737641079498
2021-03-31,90.820817,170450000.0,15480408257.650002,0.0350090897527946,413234717.3500004,0.028386325246384687,False,397.360566,658300000.0,261582460597.80002,0.04026468635416447,2801391990.3000183,0.01126121464690504
2021-04-30,95.507575,176300000.0,16837985472.5,0.05160444658849528,558719313.7499981,0.03609202706097199,False,418.55568,665500000.0,278548805040.0,0.05333975188670337,3013600895.999939,0.011520653522078247
2021-05-31,96.085836,180700000.0,17362710565.2,0.006054608757472879,422777678.4000015,0.025108566525994875,False,421.468715,663600000.0,279686639274.0,0.006959731140191439,-800790558.5,-0.002874866249686497
2021-06-30,98.464513,186500000.0,18363631674.5,0.02475575068108893,571094175.3999977,0.03289199421112502,False,430.050789,667350000.0,286994394039.15,0.020362303759604128,1612690458.75,0.005766061843126153
2021-07-31,100.639287,205700000.0,20701501335.899998,0.02208688118936819,1932274310.3999977,0.10522288535568819,False,440.258799,669950000.0,294951382390.05,0.02373675449761814,1144672877.3999634,0.003988485145266685
2021-08-31,103.692483,220700000.0,22884930998.1,0.03033801302666217,1555387245.0000038,0.07513403109090896,False,453.628577,673000000.0,305292032321.0,0.030367997256086632,1383567159.8500366,0.004690831243572129
2021-09-30,98.428145,219800000.0,21634506271.0,-0.05076875244659729,-88585330.5,-0.003870902232886554,True,430.883031,665900000.0,286925010342.9,-0.05014134283696148,-3059269520.0999756,-0.010020797126088438
2021-10-31,105.411732,223950000.0,23606957381.4,0.07095111870695114,437458687.80000305,0.020220414661664597,False,461.059156,685800000.0,316194369184.8,0.07003321743714697,9175077204.400024,0.03197726539570398
2021-11-30,104.11429,242050000.0,25200863894.5,-0.012308326363520972,1884468649.0,0.07982683318964175,False,457.857064,694950000.0,318187766626.8,-0.0069450784315407965,4189392135.5999756,0.013249420432125035
2021-12-31,107.872803,238200000.0,25695301674.600002,0.03609987639544965,-415310291.54999924,-0.01648000216534796,True,476.832393,701950000.0,334712498266.35004,0.04144378342495125,3337826751.0,0.010490116532088149
2022-01-31,101.461827,243250000.0,24680589417.75,-0.05943088361206306,512382226.3499985,0.019940697051885253,False,452.14445,704650000.0,318603586692.5,-0.051774886443169965,1220790014.999939,0.0036472794452643534
2022-02-28,98.229095,241050000.0,23678123349.75,-0.031861559126074024,-216104009.0,-0.00875603111992862,True,438.598986,724450000.0,317743035407.7,-0.02995826665571144,8684259922.799988,0.02725725724858708
2022-03-31,101.212195,247500000.0,25050018262.5,0.03036880264447106,652818657.75,0.027570540456572656,False,453.38515,733850000.0,332716692327.5,0.033712262161955886,4261820410.0,0.01341278937721359
2022-04-30,92.029227,255350000.0,23499663114.45,-0.09072985720742432,722429431.949997,0.028839477256249243,False,413.838365,707450000.0,292769951319.25,-0.08722558513440504,-10925332836.0,-0.03283674395646482
2022-05-31,91.925948,249650000.0,22949312918.2,-0.0011222413071012571,-523977903.6000023,-0.02229725171157058,True,414.579226,726050000.0,301005247037.3,0.0017902182655298304,7711173603.599976,0.026338678436269414
2022-06-30,83.95816,252050000.0,21161654228.0,-0.08667615807454054,201499583.9999962,0.008780201164114003,False,379.139444,733950000.0,278269394923.80005,-0.08548373815527355,2995201607.6000366,0.009950662445525001
2022-07-31,91.846782,251550000.0,23104058012.100002,0.09395896718079566,-45923390.999996185,-0.002170122926365215,True,414.091328,739700000.0,306303355321.6,0.09218741165849242,2381025136.0,0.008556546926951878
2022-08-31,88.12654,252200000.0,22225513388.0,-0.040504870382938374,57282250.999996185,0.0024793155804056785,False,397.196498,745200000.0,295990830309.60004,-0.040799767726601543,2184580739.000061,0.007132082300262051
2022-09-30,79.40491,252350000.0,20037829038.5,-0.09896712159583254,11910736.5,0.0005359037738327721,False,358.741468,748300000.0,268446240504.4,-0.09681613557428703,1112098550.7999878,0.00375720609194804
2022-10-31,85.767469,233850000.0,20056722625.65,0.0801280298661633,-1586698176.5,-0.07918513395095708,True,387.777532,760050000.0,294730313196.6,0.08093868869377552,4556386000.999939,0.016973178661167567
2022-11-30,90.58014,230250000.0,20856077235.0,0.05611301179938044,-326088504.0,-0.01625831448568642,True,409.434914,761950000.0,311968932722.3,0.055850017633306326,777926336.6000366,0.0026394513959652347
2022-12-31,84.773891,231050000.0,19587007515.550003,-0.06410068476379027,67819112.79999924,0.0032517674362169784,False,384.188538,753450000.0,289466853956.1,-0.06166151233502282,-3265602573.0,-0.010467717232301735
2023-01-31,90.256807,222050000.0,20041523994.35,0.06467694163053084,-812311263.0,-0.041471943192706244,True,408.318449,752700000.0,307341296562.3,0.06280747240824769,-306238836.75,-0.0010579409440655463
2023-02-28,87.944813,219750000.0,19325872656.75,-0.025615730013582194,-202273069.8999977,-0.010092699036112297,True,398.347347,746800000.0,297485798739.60004,-0.02441991544692601,-2350249347.299988,-0.007647034009383694
2023-03-31,90.457104,157400000.0,14237948169.6,0.02856667624047371,-5640000434.4,-0.2918367793565121,True,411.241904,742750000.0,305449924196.0,0.03237013399765387,-1665529711.1999512,-0.005598686452450959
2023-04-30,91.528995,148750000.0,13614938006.25,0.011849716082000583,-791725806.75,-0.055606734714798635,True,417.651748,746350000.0,311714382119.8,0.015586553650427604,1503546292.7999878,0.004922398644418054
2023-05-31,91.877871,146250000.0,13437138633.75,0.0038116446050784347,-229694677.5,-0.016870783942942495,True,419.456937,739900000.0,310356187686.3,0.00432223499277673,-2705497243.6499634,-0.008679411021241137
2023-06-30,97.494748,149750000.0,14599838513.0,0.0611341658101765,341231617.9999981,0.025394663797166473,False,445.761635,749850000.0,334254362004.75,0.06271131951740738,4435328268.25,0.014291090186779569
2023-07-31,100.873272,132550000.0,13370752203.6,0.034653394867998344,-1735020278.3999977,-0.11883831981121569,True,460.069489,774200000.0,356185798383.8,0.032097544688878266,11202692057.150024,0.03351547004490797
2023-08-31,99.225678,129200000.0,12819957597.6,-0.016333305813654997,-332406021.29999924,-0.02486068219935306,True,452.776747,782700000.0,354388359876.9,-0.015851392396942887,3848602349.500061,0.010805041545629189
2023-09-30,93.883342,128900000.0,12101562783.8,-0.053840256954454935,-28165002.60000038,-0.0021969653476290045,True,429.182727,792050000.0,339934178920.35,-0.0521096106554253,4012858497.449951,0.011323336067933646
2023-10-31,91.671914,127000000.0,11642333078.0,-0.023555062622291345,-174176636.60000038,-0.014392904429927467,True,420.15388,812250000.0,341269989030.0,-0.021037302836281135,8487108376.0,0.024966916839476196
2023-11-30,100.525065,126950000.0,12761657001.75,0.09657430082675056,-5026253.25,-0.00043172216567982305,True,458.512661,825300000.0,378410499123.3,0.09129698147735765,5983590226.050049,0.017533303303514478
2023-12-31,104.878595,127550000.0,13377264792.25,0.043307905346790854,62927157.0,0.00493095504693245,False,477.376603,837150000.0,399635823201.45,0.0411415945611151,5656912745.549988,0.014949143215254075
2024-01-31,106.356245,122900000.0,13071182510.5,0.014089147551986203,-494556539.25,-0.03696992972259299,True,485.382541,861900000.0,418351212087.9,0.016770696237913496,12013217889.75,0.030060412986786546
2024-02-29,111.86864,120550000.0,13485764552.0,0.051829537607312126,-262891304.0,-0.020112281638545025,True,511.284836,870200000.0,444920064287.2,0.05336470270775551,4243664138.800049,0.010143783539244078
2024-03-31,115.032747,110600000.0,12722621818.2,0.028284128599400216,-1144575832.6499996,-0.08487289157664063,True,526.051078,864250000.0,454639644161.49994,0.02888065704338616,-3130003914.1000366,-0.007034980360156539
2024-04-30,110.302656,111350000.0,12282200745.6,-0.04111951703630967,82726992.0,0.0065023540888134515,False,504.550189,863150000.0,435502495635.35,-0.04087224586963012,-555005207.8999634,-0.00122075849527722
2024-05-31,115.559104,110700000.0,12792392812.800001,0.04765477270103102,-75113417.60000038,-0.006115631811905465,True,529.553857,872500000.0,462035740232.5,0.04955635444227324,4951328562.950073,0.01136923120435081
2024-06-30,119.292106,106900000.0,12752326131.4,0.032303833023835216,-453310002.80000305,-0.03543590393397109,True,546.902038,892200000.0,487945998303.6,0.03275999366387383,10773970148.600037,0.023318477793900727
2024-07-31,121.036277,106000000.0,12829845362.0,0.014621009373411376,-108932649.29999733,-0.008542178750571075,True,553.546134,909400000.0,503394854259.60004,0.012148603476222819,9520993504.799927,0.01951239181774366
2024-08-31,123.871221,104850000.0,12987897521.85,0.02342226702825645,-142451904.15000153,-0.011103166104551957,True,566.957103,920050000.0,521628882615.14996,0.02422737361218741,6038093146.949951,0.01199474546840742
2024-09-30,126.211492,105900000.0,13365797002.800001,0.018892774133549617,132522066.60000038,0.010203504175872485,False,576.796799,920750000.0,531085652679.24994,0.017355274231390938,403757759.2999878,0.0007740325981870031
2024-10-31,124.780931,106650000.0,13307886291.15,-0.011334633457942278,93585698.25,0.007001879366445168,False,571.554157,940600000.0,537603840074.2,-0.009089235600976187,11345350016.450012,0.021362561687016716
2024-11-30,132.593965,108950000.0,14446112486.75,0.06261400630197245,304966119.5000019,0.022916195166381173,False,605.088092,953650000.0,577042258935.7999,0.058671491737571024,7896399600.599976,0.01468813838738599
2024-12-31,128.786825,102500000.0,13200649562.5,-0.028712769845897657,-830675021.2499981,-0.05750163042215646,True,588.568544,995200000.0,585743414988.7999,-0.027301062801282194,24455023003.200073,0.042379951597134015
2025-01-31,132.338583,107050000.0,14166845310.15,0.027578581892984788,602140552.6499996,0.04561446387915198,False,604.942933,993250000.0,600859568202.25,0.027820700183392777,-1179638719.3499756,-0.0020139171677628362
2025-02-28,129.943341,105450000.0,13702525308.45,-0.01809934748961306,-207909345.59999847,-0.014675768743732906,True,597.032492,995050000.0,594077181164.6001,-0.013076342525022877,1074658485.6000977,0.0017885351960283112
2025-03-31,121.856517,104900000.0,12782748633.3,-0.06223346219795911,-67021084.35000038,-0.0048911483716560025,True,561.614001,1032500000.0,579866456032.5,-0.059324226863016416,21032444337.44995,0.03540355530272846
2025-04-30,121.102175,103600000.0,12546185330.0,-0.00619041162976941,-157432827.5,-0.012316038750060055,True,557.788206,1006450000.0,561385939928.7,-0.006812143203673626,-14530382766.299927,-0.02505815367510332
2025-05-31,129.054882,103200000.0,13318463822.4,0.06566939858842336,-51621952.800001144,-0.004114553662503656,True,592.884532,982250000.0,582360831557.0,0.0629205236368875,-14347805674.400024,-0.025557828677045775
2025-06-30,135.234948,102000000.0,13793964696.0,0.047887115188715024,-162281937.6000023,-0.012184733897543367,True,621.10091,1002750000.0,622808937502.5,0.04759169193504942,12732568655.0,0.021863710546875557
2025-07-31,138.201087,101400000.0,14013590221.8,0.021933228384130476,-82920652.20000076,-0.006011371931671411,True,635.02612,1007200000.0,639598308064.0,0.022420205438114627,2825866234.0,0.004537292360209035
2025-08-31,140.969953,100700000.0,14195674267.1,0.020035052256861086,-98678967.09999847,-0.00704166209644765,True,647.904889,1019600000.0,660603824824.4,0.020280691761151548,8034020623.599976,0.012561041082047497
2025-09-30,145.65834,102650000.0,14951828601.000002,0.03325805889997002,284033763.0,0.020008472838678664,False,669.533043,1047550000.0,701369339194.65,0.03338168050156498,18713448551.850098,0.028327793222851016
2025-10-31,149.570302,102300000.0,15301041894.6,0.026857109589468076,-52349605.70000267,-0.003501217616720235,True,685.190621,1048900000.0,718696442366.8999,0.023385818166408168,925007338.3499756,0.0013188591041235402
2025-11-30,149.428094,101850000.0,15219251373.9,-0.0009507769797777454,-67242642.30000114,-0.004394644676042108,True,686.85126,1066600000.0,732595553916.0,0.0024236160698996034,12157267302.0,0.016915719329237508
2025-12-31,148.956946,104150000.0,15513865925.9,-0.0031530081619056682,342600975.80000114,0.022511026816176973,False,684.815004,1110700000.0,760624024942.8,-0.0029646243933512118,30200341676.400024,0.04122375779509961
2026-01-31,150.69357,105150000.0,15845428885.5,0.011658563407979772,150693569.9999981,0.009713476364934871,False,694.726524,1099200000.0,763643395180.8,0.014473281020577655,-7989355026.0,-0.010503684821947098
2026-02-28,149.180869,105350000.0,15716204549.15,-0.010038258433986202,29836173.799999237,0.0018829514818183327,False,689.430483,1088800000.0,750651909890.4,-0.007623202536599982,-7170077023.199951,-0.00938930012156049
2026-03-31,141.415125,104800000.0,14820305099.999998,-0.05205589732822924,-77778318.75,-0.004948925073274551,True,653.346653,1102850000.0,720543356261.0499,-0.05233860539932067,9179520474.650024,0.012228731258394177
2026-04-30,142.479337,104850000.0,14938958484.449999,0.007525446800686897,7123966.850002289,0.00048068962156536777,False,658.054552,1102250000.0,725340629941.9999,0.00720582095030653,-394832731.20007324,-0.00054796526505898
