,period,ticker,region,type,avg_monthly_ret,annual_ret,volatility,sharpe_proxy,neg_months,neg_month_pct,max_monthly_dd,n_months
0,Pre-COVID,AGG,Fixed Income,Conventional,0.8234518264864901,10.341464587200644,1.1793543048770032,0.6982225978073393,5,38.46153846153847,-0.60896327729073,13
1,Pre-COVID,BGRN,Fixed Income,ESG,0.8455861550767739,10.63250227744339,1.6227382813053193,0.5210859722842,4,30.76923076923077,-2.0754746811503,13
2,Pre-COVID,BNDW,Fixed Income,Conventional,0.7726343232077822,9.6759337501501,1.3621213690603315,0.5672286925068866,6,46.15384615384615,-1.48544771572441,13
3,Pre-COVID,DSI,US,ESG,1.0073976898452897,12.781583341613922,4.005982677607025,0.2514733015388521,3,23.076923076923077,-7.43624393411879,13
4,Pre-COVID,EAGG,Fixed Income,ESG,0.8234282960593416,10.341155566422655,1.2180390851503675,0.6760278106820268,4,30.76923076923077,-0.6286451327248399,13
5,Pre-COVID,EEM,Emerging,Conventional,-0.179464262955316,-2.1324409069414463,3.994521121877317,-0.04492760395543301,7,53.84615384615385,-7.32982797050922,13
6,Pre-COVID,EFA,Developed exUS,Conventional,0.25426556064081923,3.094220096186606,3.5006258080561325,0.07263431585737257,4,30.76923076923077,-7.76526813490614,13
7,Pre-COVID,EMSG,Emerging,ESG,-0.07287204365995396,-0.8709682024925613,3.785253093794623,-0.019251564387971095,6,46.15384615384615,-7.65015637155812,13
8,Pre-COVID,ESGD,Developed exUS,ESG,0.3856408521343152,4.727117439195894,3.4507964555457904,0.11175415794650827,4,30.76923076923077,-7.1631444445743595,13
9,Pre-COVID,ESGE,Emerging,ESG,-0.05462625666881685,-0.6535492033344248,3.740574527789881,-0.014603707602396782,6,46.15384615384615,-6.52299960152621,13
10,Pre-COVID,ESGU,US,ESG,1.0363250165167879,13.169786208089285,4.197795980129262,0.24687360258153287,3,23.076923076923077,-7.98276329876737,13
11,Pre-COVID,ESGV,US,ESG,1.0747578293779423,13.687446878743238,4.084633338404018,0.26312222917856337,3,23.076923076923077,-7.62459349490652,13
12,Pre-COVID,IVV,US,Conventional,0.9108502355127368,11.494741415971998,4.15825585969573,0.21904622184056416,3,23.076923076923077,-8.455008115913131,13
13,Pre-COVID,JUST,US,ESG,0.91423314387596,11.539602325666065,4.306315954101937,0.21230052639428762,3,23.076923076923077,-8.78734374952707,13
14,Pre-COVID,NULC,US,ESG,0.3866380521479136,4.739602044127222,3.736893732470454,0.10346509155140139,2,25.0,-8.30921152445053,8
15,Pre-COVID,SPY,US,Conventional,0.9430843283464829,11.922872105020144,4.098341047391423,0.23011367708081598,3,23.076923076923077,-7.9165968214954505,13
16,Pre-COVID,SUSA,US,ESG,1.0787771355817386,13.741709045383853,4.28092994515649,0.2519959797058309,3,23.076923076923077,-7.40163423569896,13
17,Pre-COVID,SUSL,US,ESG,1.2140942439446252,15.582455330907052,3.8359663944434454,0.3165028363395702,2,22.22222222222222,-7.43613080348765,9
18,Pre-COVID,VEA,Developed exUS,Conventional,0.23189259430316375,2.818477860355273,3.6667376049330715,0.06324221127554516,5,38.46153846153847,-7.650919730283561,13
19,Pre-COVID,VSGX,Developed exUS,ESG,0.3318647986768398,4.05587631462756,3.447573571542491,0.09626039641798247,5,38.46153846153847,-6.14762270609452,13
20,Pre-COVID,VTI,US,Conventional,0.8664382320628241,10.907323562774906,4.178911750367262,0.20733585292550807,3,23.076923076923077,-7.99903451555764,13
21,Pre-COVID,VWO,Emerging,Conventional,0.0935499892205785,1.1283939766018047,3.834938686936995,0.024394129048070347,7,53.84615384615385,-6.3809970238387,13
22,COVID Crisis,AGG,Fixed Income,Conventional,0.36023014198290604,4.4094438876482345,0.8844206209632777,0.4073063579075722,5,50.0,-0.80820073205267,10
23,COVID Crisis,BGRN,Fixed Income,ESG,0.36420689523694094,4.45910113892205,1.686202293095741,0.21599240893468624,2,20.0,-3.80602100891661,10
24,COVID Crisis,BNDW,Fixed Income,Conventional,0.29224895247871696,3.563910432840567,1.0072922870830436,0.29013321776246587,3,30.0,-1.71068271675445,10
25,COVID Crisis,DSI,US,ESG,2.8959686567323004,40.85761134308035,7.746492771403886,0.3738425558754466,3,30.0,-12.87349240679981,10
26,COVID Crisis,EAGG,Fixed Income,ESG,0.342679723695354,4.1905522419867225,0.7885834018305735,0.43455102263105766,4,40.0,-0.85102401902698,10
27,COVID Crisis,EEM,Emerging,Conventional,2.7737122656439785,38.862355018996396,7.287795870811648,0.380596865611038,2,20.0,-15.769986050149571,10
28,COVID Crisis,EFA,Developed exUS,Conventional,1.998531910166302,26.802276567998984,7.429838612500289,0.26898725724726824,3,30.0,-14.10667435774081,10
29,COVID Crisis,EMSG,Emerging,ESG,3.006022239190091,42.67615510906422,7.125105406747137,0.4218916166971411,2,20.0,-14.88084485347631,10
30,COVID Crisis,ESGD,Developed exUS,ESG,2.0011484411309075,26.841315823773492,7.5795625032053575,0.2640189905795529,3,30.0,-14.368558877696868,10
31,COVID Crisis,ESGE,Emerging,ESG,2.8892679731385513,40.74757737542569,7.511359397560042,0.38465313936077783,2,20.0,-16.120160478982807,10
32,COVID Crisis,ESGU,US,ESG,3.0872592147162434,44.032307372957824,7.912456889175215,0.39017706610696684,3,30.0,-12.95986522804548,10
33,COVID Crisis,ESGV,US,ESG,3.326701301896122,48.098540108675515,7.786514309969244,0.42723883492217735,3,30.0,-12.71442224912974,10
34,COVID Crisis,IVV,US,Conventional,2.8251642430600623,39.698885887284185,7.642192836395706,0.3696797900211711,3,30.0,-12.67616349593696,10
35,COVID Crisis,JUST,US,ESG,2.902501612014364,40.96496690565596,7.509355404574178,0.3865180772035855,3,30.0,-12.3192808947006,10
36,COVID Crisis,NULC,US,ESG,2.7780013962916987,38.931913916854114,7.8439130483456205,0.35416014674941027,3,30.0,-12.67979128092179,10
37,COVID Crisis,SPY,US,Conventional,2.7700412253275184,38.80284534601191,7.708341328098261,0.35935632679241003,3,30.0,-12.99872696154328,10
38,COVID Crisis,SUSA,US,ESG,3.1949532596549117,45.848344577608266,7.31398730056825,0.4368278379983903,3,30.0,-11.81714633766052,10
39,COVID Crisis,SUSL,US,ESG,2.6657788453143363,37.12242144697877,7.698911452221345,0.3462539947183295,3,30.0,-13.174103323028092,10
40,COVID Crisis,VEA,Developed exUS,Conventional,2.2491032260196606,30.591254145889636,7.920214049134149,0.28397000536437983,3,30.0,-15.53076060490674,10
41,COVID Crisis,VSGX,Developed exUS,ESG,2.374167705607544,32.52097058857755,7.316652998217524,0.324488219707281,3,30.0,-15.50307410267881,10
42,COVID Crisis,VTI,US,Conventional,3.052139730800656,43.444587048562575,8.138932322354727,0.37500492815470693,3,30.0,-14.31134915247306,10
43,COVID Crisis,VWO,Emerging,Conventional,2.599216852824356,36.05939937039304,7.752877255908294,0.33525835209677174,2,20.0,-17.20136414589103,10
44,Recovery,AGG,Fixed Income,Conventional,-0.14206756584489086,-1.6915527636945704,0.8437790129349124,-0.16837058479416067,7,58.333333333333336,-1.6793032865725401,12
45,Recovery,BGRN,Fixed Income,ESG,-0.2948564285975208,-3.481456780372194,1.028739166667025,-0.28661923075488177,9,75.0,-1.82437201857754,12
46,Recovery,BNDW,Fixed Income,Conventional,-0.27064915326999417,-3.1998777151839852,0.9575073049834212,-0.28266014458728367,7,58.333333333333336,-1.85092109194953,12
47,Recovery,DSI,US,ESG,2.359263424631712,32.289636955487566,3.6906540559872374,0.6392534734607134,3,25.0,-5.01141057372467,12
48,Recovery,EAGG,Fixed Income,ESG,-0.09188275446798085,-1.0970380733344665,0.7787626326075845,-0.11798557175287609,5,41.66666666666667,-1.63877998296347,12
49,Recovery,EEM,Emerging,Conventional,-0.3051507310287441,-3.6009724255308573,2.924227367500042,-0.10435260076565839,4,33.33333333333333,-6.02731716311375,12
50,Recovery,EFA,Developed exUS,Conventional,0.8609063966625357,10.834355462508283,2.7450603487878333,0.31362020767328325,3,25.0,-4.53474097797121,12
51,Recovery,EMSG,Emerging,ESG,-0.16532115042138174,-1.9659143265741141,3.850818944849974,-0.04293142648071774,5,41.66666666666667,-6.87235748093334,12
52,Recovery,ESGD,Developed exUS,ESG,0.9242940664718415,11.673118498521195,2.8989105945820786,0.3188418670790682,4,33.33333333333333,-4.8425061724773695,12
53,Recovery,ESGE,Emerging,ESG,-0.30094436292677246,-3.5521533852499565,3.016816253483529,-0.0997556157353869,5,41.66666666666667,-5.99627457185034,12
54,Recovery,ESGU,US,ESG,2.056884156221149,27.675527207038854,3.228871416333999,0.6370288224597365,3,25.0,-5.07133895440541,12
55,Recovery,ESGV,US,ESG,2.034771025621368,27.343954065499364,3.3104819952675295,0.614644945518555,4,33.33333333333333,-5.20955187661077,12
56,Recovery,IVV,US,Conventional,2.1885689553857004,29.66650592273623,3.2996058973118587,0.6632819262350985,3,25.0,-5.04507658492128,12
57,Recovery,JUST,US,ESG,2.053984244498821,27.631999728732648,3.151951104159551,0.6516548565072057,3,25.0,-4.939466328994159,12
58,Recovery,NULC,US,ESG,1.8080185043408474,23.98918860107635,3.4523426793673764,0.523707717413544,3,25.0,-4.72377175173347,12
59,Recovery,SPY,US,Conventional,2.182128008945487,29.56846534190367,3.2831618750898857,0.6646422235533985,3,25.0,-4.965000239810831,12
60,Recovery,SUSA,US,ESG,2.2998113114758674,31.370542108477338,3.4925743305392354,0.658486003108426,3,25.0,-5.44935291062612,12
61,Recovery,SUSL,US,ESG,2.3821373262409034,32.64482146279568,3.725990975105701,0.6393298701356424,3,25.0,-5.2222140283333305,12
62,Recovery,VEA,Developed exUS,Conventional,0.906044984353784,11.431047182211728,2.8496606844202126,0.3179483751547516,3,25.0,-4.643130143447291,12
63,Recovery,VSGX,Developed exUS,ESG,0.569991639873435,7.058454183930141,2.5140850724717407,0.22671931276893653,4,33.33333333333333,-4.16020438639299,12
64,Recovery,VTI,US,Conventional,1.9711664289784325,26.394636640499836,3.1091035183003948,0.6339983269698204,2,16.666666666666664,-4.7647254555210194,12
65,Recovery,VWO,Emerging,Conventional,0.11087758570121088,1.3386750255542923,2.861650133581873,0.0387460313194987,4,33.33333333333333,-5.39847290193385,12
66,Rate Hike,AGG,Fixed Income,Conventional,-1.1465027052601862,-12.922798406919867,2.425033773055326,-0.4727780363304776,9,75.0,-4.15500780807126,12
67,Rate Hike,BGRN,Fixed Income,ESG,-1.117265767807206,-12.613247464650357,2.436866476787375,-0.4584846065428028,9,75.0,-4.19057928634863,12
68,Rate Hike,BNDW,Fixed Income,Conventional,-1.04392590016861,-11.832305301000668,2.267099037090586,-0.46046770921322494,9,75.0,-3.58020684132625,12
69,Rate Hike,DSI,US,ESG,-1.8130822244987683,-19.713315165127376,6.83888982457307,-0.2651135302668739,8,66.66666666666666,-9.85325681474854,12
70,Rate Hike,EAGG,Fixed Income,ESG,-1.2066676233461102,-13.556644384579563,2.52180497918219,-0.4784936318657865,9,75.0,-4.17349131283639,12
71,Rate Hike,EEM,Emerging,Conventional,-1.7141976101947387,-18.737636356184407,6.532384415060194,-0.26241529911232925,8,66.66666666666666,-11.53945044912408,12
72,Rate Hike,EFA,Developed exUS,Conventional,-0.9282857180787369,-10.587933144605499,7.142493618953782,-0.12996661496698828,7,58.333333333333336,-10.7413159666832,12
73,Rate Hike,EMSG,Emerging,ESG,-1.9480344024484484,-21.027542999997294,7.3772514961618105,-0.2640596438201896,9,75.0,-12.43934559412781,12
74,Rate Hike,ESGD,Developed exUS,ESG,-1.0511341240929233,-11.909342867926132,7.157272564412246,-0.14686238572489552,7,58.333333333333336,-10.49629497311315,12
75,Rate Hike,ESGE,Emerging,ESG,-1.8679821589331642,-20.25035665706365,6.683671862616755,-0.279484420739025,9,75.0,-11.850905884140719,12
76,Rate Hike,ESGU,US,ESG,-1.6561176225818492,-18.159515794319383,6.965385824523527,-0.23776394650688817,8,66.66666666666666,-9.96596234478632,12
77,Rate Hike,ESGV,US,ESG,-2.0637196053466185,-22.138410263194665,6.8462927636643895,-0.30143607300866276,8,66.66666666666666,-9.774679716189489,12
78,Rate Hike,IVV,US,Conventional,-1.451733610231698,-16.094995392460643,6.8359419532203605,-0.21236774977994033,7,58.333333333333336,-9.7009056439317,12
79,Rate Hike,JUST,US,ESG,-1.417633598921604,-15.745934390445026,6.945424830084974,-0.20411042284713057,8,66.66666666666666,-10.00740137086995,12
80,Rate Hike,NULC,US,ESG,-1.3374377983544834,-14.919766064109973,6.773694836197822,-0.19744582988997,8,66.66666666666666,-8.90261972628878,12
81,Rate Hike,SPY,US,Conventional,-1.4535086687703491,-16.113129232450753,6.822497306045119,-0.21304642619388917,7,58.333333333333336,-9.6158957596069,12
82,Rate Hike,SUSA,US,ESG,-1.7596274300125125,-19.187226880610897,7.210395001164577,-0.24404036529598014,8,66.66666666666666,-10.33546829539749,12
83,Rate Hike,SUSL,US,ESG,-1.6704997862110031,-18.303024095053367,6.658264956136704,-0.25089115516067867,8,66.66666666666666,-9.52240892976338,12
84,Rate Hike,VEA,Developed exUS,Conventional,-1.123235134303128,-12.676530956122722,7.020067198308763,-0.16000347326785302,7,58.333333333333336,-10.34935779634531,12
85,Rate Hike,VSGX,Developed exUS,ESG,-1.488490129120855,-16.469764499149797,6.4741747904729126,-0.22991194666403603,8,66.66666666666666,-10.39605012724353,12
86,Rate Hike,VTI,US,Conventional,-1.5909720177255646,-17.506580561725215,6.819025981961686,-0.23331367587308655,8,66.66666666666666,-9.61419765846417,12
87,Rate Hike,VWO,Emerging,Conventional,-1.5278534971879996,-16.869410988281274,6.0384673468582575,-0.25302008099504314,9,75.0,-11.281292183735001,12
88,Rebound,AGG,Fixed Income,Conventional,0.47916227734521,5.903927612590176,2.5405992986569212,0.188602066291413,7,58.333333333333336,-2.90360485155518,12
89,Rebound,BGRN,Fixed Income,ESG,0.5420283158930316,6.701790779512162,2.1686908023637668,0.2499334231058882,6,50.0,-2.46894900491748,12
90,Rebound,BNDW,Fixed Income,Conventional,0.49930374437922576,6.1589552643186,2.029414777985008,0.24603336380302754,7,58.333333333333336,-2.32088247149737,12
91,Rebound,DSI,US,ESG,2.210805321578142,30.00549865478701,4.591799982281024,0.48146812363545105,4,33.33333333333333,-5.44714835934323,12
92,Rebound,EAGG,Fixed Income,ESG,0.4665528108206433,5.744554781874456,2.5285783391137526,0.1845119067911364,7,58.333333333333336,-2.91865922526594,12
93,Rebound,EEM,Emerging,Conventional,0.8386556404345692,10.54129942463289,5.800648718483936,0.14457962913047442,6,50.0,-7.5676843317972295,12
94,Rebound,EFA,Developed exUS,Conventional,1.4482192671502259,18.831926664606446,4.831304789610603,0.299757380297042,5,41.66666666666667,-4.00707405327067,12
95,Rebound,EMSG,Emerging,ESG,0.5264861396819382,6.504026463441104,5.88875555321153,0.08940533104567575,6,50.0,-7.815767802811529,12
96,Rebound,ESGD,Developed exUS,ESG,1.4700843491816324,19.13963265425047,4.90171451510697,0.2999122745012723,5,41.66666666666667,-3.9192189808542,12
97,Rebound,ESGE,Emerging,ESG,0.9015948504935282,11.372089824878984,5.967751221674074,0.15107782094184094,6,50.0,-7.78551577399326,12
98,Rebound,ESGU,US,ESG,2.024998339500522,27.197670152665832,4.422789638778378,0.45785544981511905,4,33.33333333333333,-5.34220669987184,12
99,Rebound,ESGV,US,ESG,2.3703831082639013,32.46219366528105,4.752713523602769,0.4987431067520024,4,33.33333333333333,-5.35983262811303,12
100,Rebound,IVV,US,Conventional,2.050307067774739,27.57682511599233,4.286335678040853,0.47833562786008127,4,33.33333333333333,-5.1381786263752405,12
101,Rebound,JUST,US,ESG,1.9490259660674327,26.06570879624033,4.209322080255936,0.4630260951542409,4,33.33333333333333,-5.278064672821079,12
102,Rebound,NULC,US,ESG,1.8735903292787834,24.950888064060383,4.454059395709048,0.42064780974491783,6,50.0,-5.01308794311111,12
103,Rebound,SPY,US,Conventional,2.042848413792098,27.464978046825728,4.264868243161887,0.4789944958012517,4,33.33333333333333,-5.07827304409296,12
104,Rebound,SUSA,US,ESG,1.9090148613535367,25.473276876005315,4.79428454873516,0.3981855565617559,5,41.66666666666667,-5.79057540748816,12
105,Rebound,SUSL,US,ESG,2.2450260742937047,30.528780412308265,4.47497283348242,0.5016848499048042,4,33.33333333333333,-5.41828189153,12
106,Rebound,VEA,Developed exUS,Conventional,1.4893171648275658,19.410898516695198,5.106249050891187,0.29166559444797097,5,41.66666666666667,-4.43717384303078,12
107,Rebound,VSGX,Developed exUS,ESG,1.3162173877306051,16.989694239584296,5.053032041838231,0.26048071273495854,5,41.66666666666667,-4.49764118158286,12
108,Rebound,VTI,US,Conventional,2.043154714823937,27.469569447338028,4.499894385974941,0.4540450374106435,4,33.33333333333333,-5.1487041734755,12
109,Rebound,VWO,Emerging,Conventional,0.8271992148430891,10.390688475093391,5.35375539690765,0.15450821965472733,6,50.0,-6.65404642471706,12
110,Anti-ESG,AGG,Fixed Income,Conventional,0.34971973169405485,4.278305779989644,1.3771364566017483,0.25394704353193204,8,33.33333333333333,-2.51085586103984,24
111,Anti-ESG,BGRN,Fixed Income,ESG,0.4107594190986271,5.042009294994632,1.088091502301901,0.37750448214111504,5,20.833333333333336,-1.9189464724466798,24
112,Anti-ESG,BNDW,Fixed Income,Conventional,0.32405158724432126,3.9586793846869472,1.247895674775509,0.2596784280886435,8,33.33333333333333,-2.33603645896324,24
113,Anti-ESG,DSI,US,ESG,1.604869817575096,21.052645455564356,3.4935170908132243,0.45938513419481014,7,29.166666666666668,-6.13198248047492,24
114,Anti-ESG,EAGG,Fixed Income,ESG,0.34376486413826873,4.204074078237752,1.3808073334216147,0.24895932677763657,7,29.166666666666668,-2.55062963798455,24
115,Anti-ESG,EEM,Emerging,Conventional,1.5504864589107046,20.27741836857313,2.8902286926605147,0.5364580535955616,6,25.0,-3.3287064438351797,24
116,Anti-ESG,EFA,Developed exUS,Conventional,1.3155244573323734,16.980093091629534,3.0686886264921056,0.4286927145280889,6,25.0,-5.27321852214031,24
117,Anti-ESG,EMSG,Emerging,ESG,1.2642469553190434,16.271600181799762,3.190773483696026,0.39621958806508745,3,27.27272727272727,-3.3332870229468403,11
118,Anti-ESG,ESGD,Developed exUS,ESG,1.2653499859039725,16.286799087877093,2.9701340641340073,0.42602453578906263,6,25.0,-5.346323388914,24
119,Anti-ESG,ESGE,Emerging,ESG,1.6095623833637527,21.119751508835847,2.979372561308203,0.540235351653039,6,25.0,-3.3294772891406104,24
120,Anti-ESG,ESGU,US,ESG,1.6181873367137847,21.243181629900178,3.174180350812356,0.5097969106574705,8,33.33333333333333,-6.1436527030936094,24
121,Anti-ESG,ESGV,US,ESG,1.6284922352915843,21.390804310804068,3.3996266138353346,0.47902091031531807,8,33.33333333333333,-6.94472488762516,24
122,Anti-ESG,IVV,US,Conventional,1.6711842310291454,22.004144841616323,3.04261669365999,0.5492588778965988,7,29.166666666666668,-5.8856971171066,24
123,Anti-ESG,JUST,US,ESG,1.6255905877297905,21.34922014284182,3.062301525215793,0.5308394925660493,6,25.0,-6.1964751374561295,24
124,Anti-ESG,NULC,US,ESG,1.1055174898455427,14.103318834754862,4.05231532592552,0.27281131919146756,7,29.166666666666668,-8.82241095094126,24
125,Anti-ESG,SPY,US,Conventional,1.6678514029928033,21.95616127161322,3.0536919285444353,0.5461753975253807,7,29.166666666666668,-5.85511750137689,24
126,Anti-ESG,SUSA,US,ESG,1.5135101467419576,19.752928169762217,3.1222558008447288,0.48474892618743026,6,25.0,-5.9906652000795,24
127,Anti-ESG,SUSL,US,ESG,1.6729582807783396,22.02969334254721,3.4011041722882314,0.4918868097041522,6,25.0,-6.15143851753972,24
128,Anti-ESG,VEA,Developed exUS,Conventional,1.4212353138596998,18.453187437510277,2.98395795437107,0.47629200397337845,6,25.0,-4.93041779638604,24
129,Anti-ESG,VSGX,Developed exUS,ESG,1.3785130061746231,17.855811288095435,2.436943704123901,0.5656728975075805,8,33.33333333333333,-3.58782416633597,24
130,Anti-ESG,VTI,US,Conventional,1.6147893234601671,21.19453952906185,3.2008076805058288,0.504494329132883,7,29.166666666666668,-6.1851566816806,24
131,Anti-ESG,VWO,Emerging,Conventional,1.4177996128270567,18.405044392803838,2.575000619994663,0.5506016588182396,6,25.0,-3.35747940808771,24
