period,ticker,type,region,avg_monthly_flow_M,total_flow_M,avg_ogr_pct,outflow_months,total_months,outflow_rate_pct,avg_monthly_ret,annual_ret,volatility,sharpe_proxy,neg_months,neg_month_pct,max_monthly_dd
Pre-COVID,CRBN,ESG,Global,5.975323873076929,77.67921035000008,1.3628250156040755,2,13,15.384615384615385,0.4733905144530281,5.830950179126315,3.832001402000179,0.12353610158021701,4.0,30.76923076923077,-8.019483837873176
Pre-COVID,DSI,ESG,US,27.806643130769235,361.48636070000003,1.774339057571814,0,13,0.0,0.8868603646362515,11.177084803652182,3.9630004864497193,0.22378507589605454,3.0,23.076923076923077,-7.468168203989656
Pre-COVID,EAGG,ESG,Fixed Income,12.106481384615387,157.38425800000002,11.053218107860241,0,13,0.0,0.5808990777470528,7.197871149276991,1.094821557402453,0.5305879061472629,6.0,46.15384615384615,-0.7790379640956302
Pre-COVID,ESGD,ESG,Developed exUS,80.2982100769231,1043.8767310000003,7.734547133679224,0,13,0.0,0.10698145898942853,1.2913582312563676,3.822487454070842,0.02798739309804569,5.0,38.46153846153847,-8.817266430118643
Pre-COVID,ESGE,ESG,Emerging,126.80266712307693,1648.4346726,15.166230299409328,0,13,0.0,-0.20589102062400244,-2.4429052416132135,4.020764328096847,-0.05120693575230187,6.0,46.15384615384615,-6.711444550529356
Pre-COVID,ESGU,ESG,US,262.9981797192308,3418.97633635,38.85636066005193,0,13,0.0,0.9142859288503131,11.540302440819827,4.181748824205941,0.21863721789266574,3.0,23.076923076923077,-8.15454575468918
Pre-COVID,HYXF,ESG,Fixed Income,1.2031886269230765,15.641452149999996,8.72902155580353,3,13,23.076923076923077,0.23945174846795847,2.911567176025498,0.9214310315934787,0.2598694207789617,4.0,30.76923076923077,-1.4771186209602716
Pre-COVID,SUSA,ESG,US,17.825585838461546,231.7326159000001,1.784387973219351,3,13,23.076923076923077,0.9332880564260994,11.792599662196924,4.267800869555635,0.2186812564484232,3.0,23.076923076923077,-7.5394036030362654
Pre-COVID,SUSB,ESG,Fixed Income,15.560908576923072,202.29181149999994,11.831799732314293,0,13,0.0,0.32171082796277595,3.9295763711867826,0.41752494650078803,0.770518817280224,4.0,30.76923076923077,-0.2229728693736388
Pre-COVID,SUSC,ESG,Fixed Income,7.596549973076924,98.75514965000002,14.205821447886436,2,13,15.384615384615385,0.8985731445181965,11.332073218370176,1.153057070069857,0.7792963313288188,3.0,23.076923076923077,-0.878266718488252
Pre-COVID,SUSL,ESG,US,65.93830952777775,593.4447857499997,4.890218687288345,1,9,11.11111111111111,1.05806554999881,13.46234855673545,3.8027135902612406,0.2782396109737317,2.0,22.22222222222222,-7.573043053618955
Pre-COVID,ACWI,Conventional,Global,-131.53167443076896,-1709.9117675999967,-1.208034706124772,6,13,46.15384615384615,0.3773874422009801,4.623839909677341,3.826225843739952,0.09863177387148218,4.0,30.76923076923077,-8.06602933303876
Pre-COVID,AGG,Conventional,Fixed Income,1049.5255171461527,13643.831722899986,1.6005240078695013,0,13,0.0,0.6197295176003622,7.69554699800854,1.0691611383382171,0.5796408935734415,5.0,38.46153846153847,-0.7676830060266426
Pre-COVID,IEFA,Conventional,Developed exUS,1172.9494360307717,15248.342668400031,1.8143924970606937,2,13,15.384615384615385,-0.029648369493428226,-0.3552008498588721,3.8270365532560793,-0.007747082914116174,5.0,38.46153846153847,-9.142915429464626
Pre-COVID,IEMG,Conventional,Emerging,74.9925718615388,974.9034342000045,0.13670983629174369,4,13,30.76923076923077,-0.3425512402032269,-4.034047110930617,4.072799056818686,-0.08410708100850867,6.0,46.15384615384615,-7.03949575324625
Pre-COVID,IVV,Conventional,US,1830.5449249346173,23797.084024150023,1.0214296295726741,3,13,23.076923076923077,0.7627592322469747,9.547032531553313,4.0864584748378565,0.1866553243948575,4.0,30.76923076923077,-8.23494318960244
COVID Crisis,CRBN,ESG,Global,2.055635199999982,20.556351999999823,0.42487053502091093,2,10,20.0,2.6227598561154717,36.43452418406774,7.487988790276959,0.35026225727275206,3.0,30.0,-13.44523262499343
COVID Crisis,DMXF,ESG,Developed exUS,7.25363445,43.521806700000006,38.6022944539744,0,6,0.0,3.7440460802479683,55.438351177549514,6.263979210485475,0.5977104895208927,2.0,33.33333333333333,-3.7334527761148872
COVID Crisis,DSI,ESG,US,32.72287702000005,327.2287702000005,1.5980653118366446,0,10,0.0,2.7634118505151704,38.6954385945405,7.644373517075572,0.3614961833487618,3.0,30.0,-12.727076932724845
COVID Crisis,EAGG,ESG,Fixed Income,51.43600638000001,514.3600638,13.377892392539307,0,10,0.0,0.19428293825772158,2.3564695684911596,0.8611359448895333,0.22561238955440913,5.0,50.0,-0.9286076158696699
COVID Crisis,EMXF,ESG,Emerging,0.0,0.0,8.335512753546795e-16,1,2,50.0,8.420164739841784,163.82792031224392,3.080224182600917,2.7336207498805702,0.0,0.0,6.242117332749886
COVID Crisis,ESGD,ESG,Developed exUS,174.21905453,1742.1905453,7.886834368205167,0,10,0.0,2.0483274514740755,27.547130794475592,7.569142106836754,0.2706155364191067,3.0,30.0,-13.14752564755356
COVID Crisis,ESGE,ESG,Emerging,282.3099121100001,2823.099121100001,9.987656451084653,1,10,10.0,2.8847648850066054,40.67367506683468,7.544726865745577,0.38235511189993626,2.0,20.0,-15.602607466147301
COVID Crisis,ESGU,ESG,US,733.6699805150004,7336.699805150003,13.819631046777664,1,10,10.0,2.975116100319671,42.16329582978484,7.759402338728702,0.3834207804214871,3.0,30.0,-12.596431605158854
COVID Crisis,EUSB,ESG,Fixed Income,20.116336516666664,120.69801909999997,43.91359456492799,1,6,16.666666666666664,0.18531531322992972,2.2465899185950766,0.8920713483402471,0.20773597714433956,3.0,50.0,-0.7605921810825866
COVID Crisis,HYXF,ESG,Fixed Income,5.007513660000002,50.075136600000015,12.601315494166402,1,10,10.0,0.22423316650401873,2.7242324328179413,3.3178314557259654,0.06758425480505756,3.0,30.0,-7.900621687932807
COVID Crisis,LDEM,ESG,Emerging,8.49736700999999,84.97367009999991,1.30901311275381,1,10,10.0,2.6992413169972593,37.659701497741516,7.938159566854538,0.34003364309629547,2.0,20.0,-16.94438999913427
COVID Crisis,SUSA,ESG,US,62.16816554000005,621.6816554000004,4.063883777000484,2,10,20.0,3.102320539125145,44.28503245568689,7.2350059741097485,0.4287930860356862,3.0,30.0,-11.622431937314692
COVID Crisis,SUSB,ESG,Fixed Income,23.483056400000002,234.83056400000004,6.548410459734494,1,10,10.0,0.16858020512574678,2.0418249912866893,1.5985403438916166,0.1054588367255977,3.0,30.0,-3.7545327102095682
COVID Crisis,SUSC,ESG,Fixed Income,58.30876042000002,583.0876042000002,22.444904935046775,1,10,10.0,0.4105761499886141,5.039708653618868,3.327717426064764,0.12338071339012287,4.0,40.0,-7.21490549053323
COVID Crisis,SUSL,ESG,US,46.189430919999936,461.8943091999993,2.474052814026841,4,10,40.0,2.5403457656909065,35.12550516102107,7.562389118886707,0.33591841490231095,3.0,30.0,-12.940715475057774
COVID Crisis,USXF,ESG,US,11.379361133333333,68.2761668,79.62502417193699,0,6,0.0,3.552362335346265,52.02679174717133,5.785296567439385,0.6140328838696971,2.0,33.33333333333333,-3.8771985535179354
COVID Crisis,ACWI,Conventional,Global,172.7574234800004,1727.574234800004,1.9616904085237414,2,10,20.0,2.593834789055316,35.97377659668102,7.4732100630943155,0.3470844211732658,3.0,30.0,-13.496160331249285
COVID Crisis,AGG,Conventional,Fixed Income,788.7667248899994,7887.667248899994,1.045985664529333,2,10,20.0,0.1592175876338353,1.9274313255520648,0.883704511922352,0.18017061753762462,5.0,50.0,-0.98010915571205
COVID Crisis,IEFA,Conventional,Developed exUS,209.6031215399994,2096.031215399994,0.23176254096598897,3,10,30.0,2.0732110113309976,27.920846272635824,7.697763508127157,0.26932641008549296,3.0,30.0,-13.92609751417081
COVID Crisis,IEMG,Conventional,Emerging,-18.80966297999878,-188.0966297999878,-0.2429488861106853,5,10,50.0,2.7995999384156622,39.28267351043046,7.673083730268527,0.36485981866350464,2.0,20.0,-16.176189415276234
COVID Crisis,IVV,Conventional,US,-308.15100234500125,-3081.5100234500123,-0.1619205053542903,4,10,40.0,2.6501859137506334,36.87271541472139,7.639092887349927,0.3469241640115739,3.0,30.0,-12.890485840635357
Recovery,CRBN,ESG,Global,48.602087041666636,583.2250444999996,5.418516211565789,2,12,16.666666666666664,1.3137123539519022,16.95498825147297,2.7254869065655414,0.4820101504752214,3.0,25.0,-4.238078523845501
Recovery,DMXF,ESG,Developed exUS,20.628470466666666,247.54164559999998,14.659967367605814,0,12,0.0,0.7386207543624669,9.232533319696135,2.663379796043882,0.27732460667442016,4.0,33.33333333333333,-3.7980109958914876
Recovery,DSI,ESG,US,60.2851282166667,723.4215386000004,1.7964492990889158,2,12,16.666666666666664,2.2609196224784958,30.77247031439083,3.6340740336078237,0.6221446237940033,3.0,25.0,-5.059580862949542
Recovery,EAGG,ESG,Fixed Income,88.24021294999999,1058.8825553999998,8.228763581233299,0,12,0.0,-0.2326951749374436,-2.7568807986480315,0.8212279690334593,-0.28335027996101153,7.0,58.333333333333336,-1.5333924643007202
Recovery,EMXF,ESG,Emerging,1.4352673666666664,17.223208399999997,9.3498198253804,2,12,16.666666666666664,0.2180558672953701,2.648281549392295,2.972494232313963,0.07335787734249788,5.0,41.66666666666667,-5.732629913325393
Recovery,ESGD,ESG,Developed exUS,268.17402224166653,3218.088266899999,4.865653529385822,0,12,0.0,0.7298285229653663,9.118185497305209,2.9899592337560694,0.2440931350253012,4.0,33.33333333333333,-4.8640013975673195
Recovery,ESGE,ESG,Emerging,41.658989583333174,499.9078749999981,0.6724348421300131,5,12,41.66666666666667,-0.4061023129562256,-4.765841209423883,3.0401672353756672,-0.13357893876059893,5.0,41.66666666666667,-6.128027073956166
Recovery,ESGU,ESG,US,681.8752235791669,8182.502682950003,3.7751070063060173,3,12,25.0,1.9447372466019268,26.002084602208697,3.184215727808062,0.610742931020141,3.0,25.0,-5.076875244659728
Recovery,EUSB,ESG,Fixed Income,41.38504556666667,496.6205468,13.592545639023138,0,12,0.0,-0.21432324536386585,-2.541777750254981,0.7384005914307333,-0.2902533500800571,7.0,58.333333333333336,-1.4042829018409142
Recovery,HYXF,ESG,Fixed Income,5.624452366666668,67.49342840000003,5.492443405322855,0,12,0.0,-0.13758772659245483,-1.6386157905980636,0.6085715911757381,-0.22608305840671983,7.0,58.333333333333336,-1.2485067432887242
Recovery,LCTD,ESG,US,-2.213454393750027,-17.707635150000215,-0.3657430525297044,3,8,37.5,0.24313761786562138,2.956985858400607,3.3587735191597847,0.07238880992679839,3.0,37.5,-4.957880499669464
Recovery,LDEM,ESG,Emerging,-61.65517406666667,-739.8620888,-7.506046688439509,4,12,33.33333333333333,-0.14677504363809307,-1.747151534765834,3.2422602153675566,-0.04526935960982206,5.0,41.66666666666667,-6.272053672483335
Recovery,SUSA,ESG,US,139.29582619999994,1671.5499143999991,4.339874004627894,3,12,25.0,2.1916372243009925,29.71323335085252,3.4163582946043087,0.6415126972374053,3.0,25.0,-5.4508666953442475
Recovery,SUSB,ESG,Fixed Income,47.37969572916666,568.55634875,6.728438682645679,2,12,16.666666666666664,-0.16127043848138028,-1.9181718215744215,0.2937505178490038,-0.5490047801865593,9.0,75.0,-0.6136069813722722
Recovery,SUSC,ESG,Fixed Income,17.640644666666667,211.687736,2.3104569597732616,2,12,16.666666666666664,-0.2865444113127983,-3.384856137155612,1.1697074290885126,-0.24497101085874637,7.0,58.333333333333336,-1.8911737611605806
Recovery,SUSL,ESG,US,46.98678790416666,563.8414548499999,1.4289198388695237,2,12,16.666666666666664,2.2691448713282507,30.898748711615998,3.7039711452445645,0.6126248780964584,3.0,25.0,-5.241284664243818
Recovery,USXF,ESG,US,36.838616975,442.06340370000004,16.41225693020322,1,12,8.333333333333332,1.9901133156747592,26.67674388005996,3.2596467262201676,0.6105303681121487,3.0,25.0,-5.303364147683998
Recovery,ACWI,Conventional,Global,78.63703401666609,943.6444081999931,0.5557299398341504,4,12,33.33333333333333,1.3001826611664289,16.767704222182743,2.689520397001041,0.4834254696919949,3.0,25.0,-4.230855624130092
Recovery,AGG,Conventional,Fixed Income,825.67235875,9908.068305,0.9453961739878037,3,12,25.0,-0.28343732760189777,-3.34872346595797,0.8220565422888303,-0.3447905503102386,7.0,58.333333333333336,-1.6337088514866593
Recovery,IEFA,Conventional,Developed exUS,1153.1684984333306,13838.021981199967,1.202646155537585,2,12,16.666666666666664,0.6562041538165087,8.164957577376075,2.850778760821792,0.23018417382460968,4.0,33.33333333333333,-4.665814446590877
Recovery,IEMG,Conventional,Emerging,923.5999026500028,11083.198831800033,1.2337186760820729,0,12,0.0,-0.2607182398076474,-3.0841436450575133,2.9157800055861447,-0.08941629317306349,5.0,41.66666666666667,-6.180688118651812
Recovery,IVV,Conventional,US,2390.4822119624964,28685.78654354996,0.8781798191755686,3,12,25.0,2.0569759509918075,27.676905262481057,3.216793315444285,0.6394492120820978,3.0,25.0,-5.014134283696148
Rate Hike,CRBN,ESG,Global,-21.094410270833315,-253.13292324999975,-2.0211741600085693,5,12,41.66666666666667,-1.692642893000453,-18.52352182376005,6.397840640306953,-0.2645647161538622,7.0,58.333333333333336,-9.59558486301113
Rate Hike,DMXF,ESG,Developed exUS,12.660886875,151.9306425,3.9991459794973006,0,12,0.0,-1.6980976522341829,-18.577755685208896,7.459340924965645,-0.2276471432684924,8.0,66.66666666666666,-10.274927248168808
Rate Hike,DSI,ESG,US,31.089080420833426,373.06896505000117,0.8779096624948399,4,12,33.33333333333333,-1.90977671284015,-20.65698897979096,6.796407770403751,-0.2809979591213811,8.0,66.66666666666666,-10.004481852332159
Rate Hike,EAGG,ESG,Fixed Income,65.87826748333332,790.5392097999998,3.4255193345033073,1,12,8.333333333333332,-1.3077722556727456,-14.612278074057627,2.371116464215511,-0.5515428176597073,9.0,75.0,-4.531933167735636
Rate Hike,EMXF,ESG,Emerging,1.8452848916666664,22.143418699999994,5.793138448576684,0,12,0.0,-1.760454475191574,-19.19539045549641,6.166007909138625,-0.2855096038041743,10.0,83.33333333333334,-10.686402820337737
Rate Hike,ERET,ESG,US,0.0,0.0,0.0,0,1,0.0,,,,,,,
Rate Hike,ESGD,ESG,Developed exUS,36.37594135833319,436.51129629999826,0.47042627159530015,4,12,33.33333333333333,-1.3257835798062334,-14.799089521871057,7.032317912714461,-0.1885272532132273,8.0,66.66666666666666,-10.719051067037933
Rate Hike,ESGE,ESG,Emerging,-80.73562562500017,-968.827507500002,-1.6907195411797489,6,12,50.0,-2.0910133007993115,-22.398400881221537,6.726800112132958,-0.31084813967161057,10.0,83.33333333333334,-11.760775637463539
Rate Hike,ESGU,ESG,US,-39.38749864583429,-472.6499837500115,-0.3105745956269278,5,12,41.66666666666667,-1.7735380381579495,-19.324434799472655,6.834560801381423,-0.25949553887932003,8.0,66.66666666666666,-9.896712159583254
Rate Hike,EUSB,ESG,Fixed Income,21.340777883333356,256.08933460000026,3.407439293296493,3,12,25.0,-1.2783264238199263,-14.306060337768844,2.274685096378959,-0.5619795134961219,9.0,75.0,-4.335861731406054
Rate Hike,HYXF,ESG,Fixed Income,0.019276154166663687,0.23131384999996424,-0.05600603029391147,5,12,41.66666666666667,-1.4189745666768172,-15.759686164169484,3.5026533195062868,-0.40511419122598963,8.0,66.66666666666666,-7.057069899601931
Rate Hike,LCTD,ESG,US,-2.467114418749998,-29.605373024999977,-0.4059812110743119,3,12,25.0,-1.5179273254918635,-16.76879864282287,6.900156095081054,-0.2199844908688305,7.0,58.333333333333336,-10.8033055133257
Rate Hike,LDEM,ESG,Emerging,-0.5472804499999987,-6.567365399999984,-0.904340418821798,3,12,25.0,-2.172610604343024,-23.170931075080958,6.833799722569925,-0.3179213164775029,10.0,83.33333333333334,-11.526050933857867
Rate Hike,PABU,ESG,Developed exUS,32.99599869500003,329.9599869500003,5.161770692248394,1,10,10.0,-1.4652433155496858,-16.2329189897786,7.403650676136589,-0.19790821847827733,6.0,60.0,-10.093734474887883
Rate Hike,SUSA,ESG,US,-46.09091496666674,-553.0909796000009,-1.0625407221237382,8,12,66.66666666666666,-1.8666433809248457,-20.23729974667734,7.0944079562854565,-0.26311475072011464,8.0,66.66666666666666,-10.313980701133108
Rate Hike,SUSB,ESG,Fixed Income,-2.6319764041666587,-31.583716849999906,-0.24338054168818318,6,12,50.0,-0.6353375562583964,-7.363201361915939,1.3122550997491556,-0.4841570487170098,9.0,75.0,-2.3036071292491744
Rate Hike,SUSC,ESG,Fixed Income,7.401487929166655,88.81785514999986,0.8261186782838268,3,12,25.0,-1.637888791048678,-17.977292574526828,3.1611825974002956,-0.5181253346123221,9.0,75.0,-5.674396802170101
Rate Hike,SUSL,ESG,US,-47.43191729583339,-569.1830075500006,-1.2828597548118545,7,12,58.333333333333336,-1.794204287149902,-19.527883035912474,6.579859598793488,-0.27268124193393056,8.0,66.66666666666666,-9.408931905881456
Rate Hike,USXF,ESG,US,13.947695399999981,167.37234479999978,2.626680094487714,4,12,33.33333333333333,-1.8449289120787444,-20.02524780136683,6.994754966423984,-0.26375890519892653,8.0,66.66666666666666,-9.618141793140367
Rate Hike,ACWI,Conventional,Global,386.07219969999966,4632.866396399996,2.268919492393623,2,12,16.666666666666664,-1.621464709963627,-17.81279198240535,6.350871767618549,-0.25531372216190157,7.0,58.333333333333336,-9.550067857911515
Rate Hike,AGG,Conventional,Fixed Income,345.399283100001,4144.791397200012,0.4430193782229251,5,12,41.66666666666667,-1.3203643505668348,-14.742921321897063,2.3665054409160127,-0.5579384385677795,9.0,75.0,-4.503302206922044
Rate Hike,IEFA,Conventional,Developed exUS,268.8499115000038,3226.198938000046,0.26092410161668567,2,12,16.666666666666664,-1.3483251632677247,-15.032360452256233,7.060810595629861,-0.19095897631105438,8.0,66.66666666666666,-11.056875450836634
Rate Hike,IEMG,Conventional,Emerging,325.9743294000003,3911.691952800003,0.4878015128140168,2,12,16.666666666666664,-1.854352766621194,-20.11733953807554,6.424653415532633,-0.2886307862363436,10.0,83.33333333333334,-11.289063912669162
Rate Hike,IVV,Conventional,US,1807.8605761166637,21694.326913399964,0.6363389261698972,2,12,16.666666666666664,-1.577010780095095,-17.366031345126466,6.718916080200484,-0.23471208172137775,7.0,58.333333333333336,-9.681613557428703
Rebound,CRBN,ESG,Global,-10.46820172083331,-125.61842064999973,-1.1836699151180727,5,12,41.66666666666667,1.603975172368009,21.039855447604783,4.427494420161156,0.3622760460327415,5.0,41.66666666666667,-4.363716040140231
Rebound,DMXF,ESG,Developed exUS,7.553134075000008,90.63760890000009,1.6684702537969918,1,12,8.333333333333332,1.4954795322814083,19.49793423412778,5.067151335396953,0.2951322021575767,5.0,41.66666666666667,-4.387334989044156
Rebound,DSI,ESG,US,-32.32841822916659,-387.94101874999905,-0.9107747608312495,9,12,75.0,2.089849750527775,28.171296025953406,4.575529408192271,0.45674490623664166,4.0,33.33333333333333,-5.467466854790248
Rebound,EAGG,ESG,Fixed Income,104.20702869999997,1250.4843443999996,3.7937015376115406,0,12,0.0,0.19818370699975865,2.404299174379232,2.4306259826510637,0.08153607688485305,7.0,58.333333333333336,-2.8228303228129303
Rebound,EMXF,ESG,Emerging,2.044865908333333,24.5383909,3.924517104455174,2,12,16.666666666666664,0.47812803002737675,5.890847330070215,5.201819727746939,0.09191553245819,6.0,50.0,-7.152196546275668
Rebound,ERET,ESG,US,-7.761021455128987e-17,-9.313225746154785e-16,-7.754784592572618e-16,1,12,8.333333333333332,0.6522914060166012,8.114512790875139,5.8867995689592325,0.110805777974181,6.0,50.0,-6.091684627974637
Rebound,ESGD,ESG,Developed exUS,-4.5010264583334925,-54.012317500001906,-0.06758900291375229,5,12,41.66666666666667,1.22872091725874,15.783051643020318,4.702812216848279,0.2612736508714358,5.0,41.66666666666667,-3.9662063286920346
Rebound,ESGE,ESG,Emerging,8.171129491666674,98.0535539000001,0.23887372246129102,4,12,33.33333333333333,0.6597352871566691,8.210500950832733,5.421537960160425,0.12168784798790698,6.0,50.0,-7.415873980905929
Rebound,ESGU,ESG,US,-795.5533890583331,-9546.640668699996,-4.552282627939816,10,12,83.33333333333334,1.8769199167151362,24.999902891164872,4.415230162361664,0.4251012626057958,4.0,33.33333333333333,-5.3840256954454935
Rebound,EUSB,ESG,Fixed Income,-17.855302725000023,-214.26363270000027,-2.272297560979472,4,12,33.33333333333333,0.23646863481931826,2.8748215652426357,2.3241309013274547,0.10174497257631075,7.0,58.333333333333336,-2.688263476444752
Rebound,HYXF,ESG,Fixed Income,-0.3468049166666667,-4.161659,-0.2792882054675932,6,12,50.0,0.492518506484696,6.072978985183886,2.291193015785427,0.21496159559296635,5.0,41.66666666666667,-2.0587465993324394
Rebound,LCTD,ESG,US,-4.657381331250002,-55.88857597500002,-0.7779178083576302,2,12,16.666666666666664,1.1310888880397245,14.450106271079521,4.796735404862302,0.23580389422630543,5.0,41.66666666666667,-3.9689162798520417
Rebound,LDEM,ESG,Emerging,-0.5448818999999985,-6.538582799999982,-0.9171224541354469,5,12,41.66666666666667,0.20822910340136577,2.5275659827857178,5.38529013504155,0.038666273901649166,6.0,50.0,-7.631467184494156
Rebound,PABU,ESG,Developed exUS,31.69327557500002,380.31930690000024,3.3367456659234342,6,12,50.0,2.1992688897565946,29.82952482826924,4.786489002643472,0.4594743429979652,4.0,33.33333333333333,-6.080945400771576
Rebound,SUSA,ESG,US,104.7653705708334,1257.1844468500008,2.6868528877811886,6,12,50.0,1.7789115116290488,23.564473579164137,4.785409737607465,0.3717365093419234,5.0,41.66666666666667,-5.7929791285220915
Rebound,SUSB,ESG,Fixed Income,-9.404129570833316,-112.84955484999979,-1.0263705692076521,10,12,83.33333333333334,0.2572823653530426,3.1314534176604347,1.0561465947337711,0.24360478614987838,6.0,50.0,-1.3948469909621508
Rebound,SUSC,ESG,Fixed Income,29.504177883333295,354.0501345999995,3.5566008850356234,1,12,8.333333333333332,0.38833027340542026,4.760791200563963,2.9612438110575723,0.13113755508930308,5.0,41.66666666666667,-3.470588795069973
Rebound,SUSL,ESG,US,-195.8671023166667,-2350.4052278000004,-6.338940511611664,6,12,50.0,2.1166624153621654,28.57583174544194,4.463590634003286,0.4742062139922949,4.0,33.33333333333333,-5.434205922230517
Rebound,USXF,ESG,US,2.9101573374999963,34.92188804999995,0.45487154052487755,1,12,8.333333333333332,2.3012434501047387,31.392613153875626,4.801808332161813,0.4792451699272012,4.0,33.33333333333333,-5.88626410093479
Rebound,ACWI,Conventional,Global,-202.2903663666668,-2427.4843964000015,-1.084041160282432,5,12,41.66666666666667,1.6050350510145905,21.055007797909674,4.384677270059852,0.36605545908118375,5.0,41.66666666666667,-4.1852011318327715
Rebound,AGG,Conventional,Fixed Income,1402.478491308333,16829.741895699997,1.5651732054481744,1,12,8.333333333333332,0.21363043775646517,2.5939018362866273,2.4315132847347907,0.0878590460918523,7.0,58.333333333333336,-2.820647114070496
Rebound,IEFA,Conventional,Developed exUS,429.1206665999997,5149.447999199997,0.43901369680852703,1,12,8.333333333333332,1.1795707429510673,15.110248333390185,4.670263849481374,0.25257047159809976,5.0,41.66666666666667,-3.8986185566135867
Rebound,IEMG,Conventional,Emerging,524.4221149500002,6293.065379400002,0.7838439254667444,2,12,16.666666666666664,0.7657349622578423,9.585860608286412,5.097267755388365,0.1502245907032012,6.0,50.0,-6.595396051261826
Rebound,IVV,Conventional,US,3175.26030615418,38103.12367385016,0.911030228506432,4,12,33.33333333333333,1.9076301163190745,25.452819155404338,4.251595795352356,0.4486856719550823,4.0,33.33333333333333,-5.21096106554253
Anti-ESG,CRBN,ESG,Global,-8.08727492083332,-194.09459809999967,-0.7989474372762038,10,24,41.66666666666667,1.419183844141051,18.424438890623108,2.7504800910861738,0.5159767739240789,7.0,29.166666666666668,-3.9545676717983036
Anti-ESG,DMXF,ESG,Developed exUS,-1.3357615541666645,-32.05827729999995,0.04434104668245263,7,24,29.166666666666668,0.7445193624550803,9.309309528130338,3.3305740794433785,0.22354085052493652,9.0,37.5,-6.011949879371348
Anti-ESG,DSI,ESG,US,-23.89634292291667,-573.51223015,-0.5280566557257637,16,24,66.66666666666666,1.5150810181130847,19.775167470628663,3.5039838334532734,0.43238813023287564,7.0,29.166666666666668,-6.23358688210428
Anti-ESG,EAGG,ESG,Fixed Income,34.45433945000007,826.9041468000016,0.8984156507464517,3,24,12.5,0.020970488297693733,0.2519363050628387,1.3581407991969738,0.015440584886407156,9.0,37.5,-2.7992285626253333
Anti-ESG,EMXF,ESG,Emerging,0.9993352125000028,23.984045100000067,1.1401963990501085,2,24,8.333333333333332,1.1651851275836878,14.914006648003886,2.8523909122644886,0.4084941943173761,8.0,33.33333333333333,-5.091715817773168
Anti-ESG,ERET,ESG,US,0.0,0.0,5.2770660094803335e-17,3,24,12.5,0.1753433860154502,2.124531603085944,4.00204567324314,0.043813439508639355,11.0,45.83333333333333,-10.087588278353598
Anti-ESG,ESGD,ESG,Developed exUS,48.5065155875001,1164.1563741000023,0.5365436863281399,3,24,12.5,1.01209835382215,12.844582771947376,3.0490269648472257,0.33194142442517305,8.0,33.33333333333333,-5.783413713521124
Anti-ESG,ESGE,ESG,Emerging,-0.7728063291666308,-18.547351899999143,-0.007019883938368977,8,24,33.33333333333333,1.3972686835162977,18.117726692260216,3.0554870016300635,0.45729819265173527,6.0,25.0,-5.296298746840633
Anti-ESG,ESGU,ESG,US,-109.05789659791677,-2617.389518350002,-0.8126119057324674,17,24,70.83333333333334,1.521400393008887,19.86467102579148,3.19330293194045,0.47643472148894733,8.0,33.33333333333333,-6.223346219795911
Anti-ESG,EUSB,ESG,Fixed Income,4.064926541666642,97.55823699999941,0.6812179309973369,4,24,16.666666666666664,0.06720596068119458,0.80945919943749,1.2629590712125696,0.05321309471784387,9.0,37.5,-2.5448765397218187
Anti-ESG,HYXF,ESG,Fixed Income,2.700867647916664,64.82082354999994,1.8446152065382513,4,24,16.666666666666664,0.14252181567157063,1.7237319109384641,1.0005329403492993,0.1424459005036,10.0,41.66666666666667,-1.8402609259013158
Anti-ESG,LCTD,ESG,US,-11.313367653125002,-271.5208236750001,-3.3760532885025647,9,24,37.5,0.9905793488983577,12.55644382848493,3.06650286026412,0.32303225988611617,8.0,33.33333333333333,-5.611114044887444
Anti-ESG,LDEM,ESG,Emerging,-0.8347047645833334,-20.032914350000002,-2.216211713817155,6,24,25.0,1.2063690839410202,15.476637866883603,2.9715195942961095,0.4059771593822465,7.0,29.166666666666668,-4.928134921101057
Anti-ESG,PABU,ESG,Developed exUS,1.944347897916625,46.664349549998995,0.28794662985185615,13,24,54.166666666666664,1.4098505467775593,18.293726195979353,3.407384422184387,0.4137632776620315,8.0,33.33333333333333,-6.698758377865732
Anti-ESG,SUSA,ESG,US,-114.43288938333333,-2746.3893451999998,-2.494723153456857,19,24,79.16666666666666,1.4173734212923403,18.399073599339587,3.1522559335139437,0.44963779946393456,6.0,25.0,-6.090161549991602
Anti-ESG,SUSB,ESG,Fixed Income,7.05150709374999,169.23617024999976,0.7448873150973593,7,24,29.166666666666668,0.12746554580823588,1.5403555696036797,0.6205455798011874,0.2054088369287454,8.0,33.33333333333333,-1.2423248202193538
Anti-ESG,SUSC,ESG,Fixed Income,4.107867660416702,98.58882385000086,0.38943493048909994,6,24,25.0,0.03495190670551179,0.42023010018854556,1.440001211492369,0.024272137013890985,10.0,41.66666666666667,-2.8449250674423388
Anti-ESG,SUSL,ESG,US,-19.23327718333331,-461.5986523999995,-1.8072121737180462,12,24,50.0,1.5811439385001296,20.713874923514396,3.4096890416410433,0.46372086110795124,6.0,25.0,-6.252823900045423
Anti-ESG,USXF,ESG,US,-0.8902328395833224,-21.365588149999738,0.20788278906543486,7,24,29.166666666666668,1.62190959735035,21.296485826630818,3.7721500144795277,0.4299695375646764,5.0,20.833333333333336,-6.627933413697795
Anti-ESG,ACWI,Conventional,Global,-24.88724949999984,-597.2939879999961,-0.17363413681096435,9,24,37.5,1.4151318977273584,18.367675185586418,2.6572566506531943,0.5325537137632141,5.0,20.833333333333336,-3.806129911883027
Anti-ESG,AGG,Conventional,Fixed Income,1368.242187000003,32837.812488000076,1.1877294621897148,4,24,16.666666666666664,0.037776663104885824,0.45426301463309393,1.3512609993284126,0.027956599889777868,9.0,37.5,-2.7770822261021566
Anti-ESG,IEFA,Conventional,Developed exUS,994.9752279833349,23879.405471600036,0.7612596406814429,1,24,4.166666666666666,1.050506904852704,13.36055334688151,3.1413875671076177,0.33440856386273327,8.0,33.33333333333333,-5.614464742373249
Anti-ESG,IEMG,Conventional,Emerging,796.2641390749983,19110.339337799956,0.8139330208511418,2,24,8.333333333333332,1.2326388122548457,15.836837455158005,2.855557085761082,0.431663165972504,5.0,20.833333333333336,-4.2575632495211675
Anti-ESG,IVV,Conventional,US,6899.774362233345,165594.58469360028,1.2027431360167158,5,24,20.833333333333336,1.5605008066170434,20.419828723275145,3.0891807055232205,0.5051503797841889,7.0,29.166666666666668,-5.932422686301642
